item,op,construct,Estimate,loading,Std. Err,z-value,p-value
OC1,~,OC,1.0,0.8097601150986599,-,-,-
OC2,~,OC,0.9020496629430645,0.7358999023115305,0.060750139394660625,14.848520051420621,0.0
OC3,~,OC,0.9123505673615243,0.7287668606657357,0.06205594641022891,14.702065154491564,0.0
OC4,~,OC,0.8461811378601571,0.6796861932924418,0.06196811423378853,13.65510550561689,0.0
HRD1,~,HRD,1.0,0.7652411987490741,-,-,-
HRD2,~,HRD,0.9825126892792719,0.7724771642019731,0.06880326307212814,14.280030414182534,0.0
HRD3,~,HRD,0.9165518755001383,0.7115693431837877,0.06856007749196362,13.368594508870045,0.0
HRD4,~,HRD,0.7757547867261556,0.6296195240007451,0.06526137624926957,11.886889785333805,0.0
LA1,~,LA,1.0,0.8041960201614317,-,-,-
LA2,~,LA,0.9358846689311948,0.7409683013121494,0.06193656009180035,15.110375318373297,0.0
LA3,~,LA,0.9801346435042548,0.7707422652496829,0.06232857738744642,15.72528500684083,0.0
LA4,~,LA,0.9219112304052027,0.7288190126473639,0.06209040396608305,14.847885848736786,0.0
RP1,~,RP,1.0,0.7958112464119348,-,-,-
RP2,~,RP,0.9105760369574817,0.7266362001135536,0.06270809410974877,14.520869273260214,0.0
RP3,~,RP,0.8889076352134553,0.729537280575819,0.06096746065625062,14.580033769337268,0.0
RP4,~,RP,0.8713566727553246,0.664774253251903,0.06591210893984434,13.219978646675697,0.0
FL1,~,FL,1.0,0.785417510336987,-,-,-
FL2,~,FL,0.9094785289110167,0.7213944748945714,0.06409293862004287,14.189995785470483,0.0
FL3,~,FL,1.0239329909353618,0.7816467964516196,0.06704206192485872,15.272993722474125,0.0
FL4,~,FL,0.8941706819694004,0.6975934111130754,0.06519705755661828,13.714893209393258,0.0
IDQ1,~,IDQ,1.0,0.7790632898233532,-,-,-
IDQ2,~,IDQ,0.9971159973187795,0.7744948063768337,0.06227907924398375,16.01044860339826,0.0
IDQ3,~,IDQ,1.0008357686031746,0.7709321999548306,0.0628250006563759,15.93053335663869,0.0
IDQ4,~,IDQ,0.8845418423769206,0.6820214395888463,0.06360341938822524,13.907142900036702,0.0
IDQ5,~,IDQ,0.9246205844081441,0.7068189729491617,0.0638936845546081,14.471235942003409,0.0
