,mean,std,skew,kurt
OC1,2.981,1.099,-0.038,-0.611
OC2,2.96,1.091,0.047,-0.587
OC3,2.976,1.114,-0.026,-0.679
OC4,3.083,1.108,-0.123,-0.643
HRD1,3.005,1.144,-0.029,-0.649
HRD2,2.983,1.113,0.106,-0.625
HRD3,3.067,1.127,-0.162,-0.672
HRD4,2.983,1.078,0.079,-0.553
LA1,3.005,1.092,-0.009,-0.58
LA2,2.99,1.11,0.05,-0.645
LA3,2.998,1.117,0.025,-0.68
LA4,2.967,1.111,0.066,-0.597
RP1,3.038,1.1,-0.011,-0.683
RP2,3.036,1.097,0.049,-0.688
RP3,2.998,1.067,0.028,-0.516
RP4,2.95,1.148,0.051,-0.729
FL1,3.014,1.105,0.004,-0.538
FL2,2.981,1.094,0.005,-0.616
FL3,3.014,1.137,0.001,-0.692
FL4,3.017,1.113,0.009,-0.613
IDQ1,2.971,1.101,0.121,-0.631
IDQ2,2.983,1.104,-0.085,-0.496
IDQ3,3.033,1.114,-0.014,-0.676
IDQ4,3.036,1.112,0.002,-0.671
IDQ5,3.06,1.122,-0.057,-0.752
