gender,age,education,experience_years,portfolio_size_mil_toman,OC1,OC2,OC3,OC4,HRD1,HRD2,HRD3,HRD4,LA1,LA2,LA3,LA4,RP1,RP2,RP3,RP4,FL1,FL2,FL3,FL4,IDQ1,IDQ2,IDQ3,IDQ4,IDQ5
مرد,39,کارشناسی,3,35,2,1,2,3,3,5,4,4,5,4,5,5,4,4,2,3,4,4,4,5,4,4,4,4,3
مرد,41,کارشناسی,13,34,2,2,3,3,2,1,1,2,2,4,3,3,3,3,3,3,2,4,3,4,5,4,3,3,5
مرد,31,کارشناسی ارشد,2,1270,4,4,4,2,2,1,3,5,2,3,1,3,4,4,5,3,3,2,2,2,2,3,3,3,2
مرد,28,کارشناسی,1,348,3,3,2,4,3,5,4,5,4,3,3,3,3,3,4,3,2,2,3,3,2,3,3,3,2
مرد,51,کارشناسی ارشد,3,91,3,3,3,3,3,2,5,3,1,1,2,1,2,1,1,2,3,2,3,3,5,4,4,3,5
مرد,46,کارشناسی ارشد,6,142,1,1,1,2,2,3,3,3,2,3,2,2,2,2,1,1,3,1,3,2,3,4,4,4,3
زن,46,کارشناسی ارشد,7,87,3,3,5,4,4,5,5,4,5,4,5,3,4,4,3,4,4,4,5,4,2,2,2,1,2
مرد,32,کارشناسی,7,31,3,2,2,4,3,2,4,3,3,3,4,3,5,5,5,4,1,1,1,1,1,1,1,1,1
مرد,53,کارشناسی ارشد,3,223,2,4,3,4,4,2,3,5,3,2,3,2,2,4,3,4,2,2,1,3,4,5,4,3,3
مرد,36,کارشناسی,9,40,2,2,2,2,3,2,4,1,3,3,2,3,3,2,4,3,3,1,2,3,4,4,4,5,4
مرد,41,دیپلم و کمتر,11,36,4,5,4,5,4,5,3,3,5,4,3,5,4,5,3,5,3,5,4,3,2,1,2,2,2
زن,32,کارشناسی,9,378,4,3,4,5,2,2,2,4,1,2,1,1,2,4,2,2,4,4,5,5,3,4,5,5,4
مرد,40,کارشناسی ارشد,2,612,3,2,2,3,3,2,2,3,1,1,1,1,3,1,1,2,2,2,2,3,3,3,3,3,4
مرد,49,کارشناسی,16,82,3,3,2,2,3,3,3,3,4,3,4,2,2,2,2,2,4,4,3,4,4,4,5,4,5
مرد,35,کارشناسی ارشد,1,390,3,4,4,3,3,3,4,3,1,2,1,1,2,2,3,2,3,2,4,3,4,4,4,3,3
مرد,46,دکتری,8,101,3,3,2,4,3,3,4,3,3,4,3,2,1,2,3,1,3,3,1,2,3,3,3,2,3
مرد,34,کارشناسی,4,191,4,4,3,3,3,2,4,3,3,4,3,3,3,3,3,4,4,3,4,4,2,3,2,3,3
مرد,40,دیپلم و کمتر,3,224,4,4,3,4,5,4,4,5,3,5,5,4,4,4,5,5,4,5,4,4,2,3,3,3,2
زن,35,دیپلم و کمتر,9,51,4,3,4,5,4,3,2,4,4,3,4,4,4,4,4,4,3,4,3,3,3,2,3,3,3
مرد,37,کارشناسی ارشد,9,49,1,2,1,3,2,4,3,4,2,3,2,4,3,3,4,3,2,2,2,1,1,1,1,2,3
زن,41,دیپلم و کمتر,4,140,4,2,3,3,3,3,3,2,2,3,3,3,4,4,3,5,1,2,4,4,5,4,3,3,2
زن,35,کارشناسی,7,34,4,4,4,4,5,4,5,4,2,3,3,3,4,4,5,3,4,3,4,4,3,2,4,2,2
زن,36,کارشناسی,13,607,2,5,4,2,5,5,4,4,3,3,2,2,3,3,3,1,3,2,2,3,3,3,4,2,2
مرد,37,کارشناسی ارشد,1,41,3,3,4,4,3,4,4,3,2,2,2,2,3,3,2,3,3,3,4,3,2,2,3,3,1
مرد,33,دکتری,19,76,3,2,2,3,4,3,3,4,2,2,2,1,4,4,3,4,3,4,4,4,3,4,3,3,3
مرد,30,کارشناسی,9,13,2,1,3,2,3,4,5,4,2,3,2,3,2,3,3,2,5,4,4,4,5,5,5,5,5
زن,35,دکتری,9,110,5,5,4,4,2,4,3,2,4,4,4,3,4,4,4,3,2,3,5,4,1,2,2,1,2
مرد,47,دیپلم و کمتر,6,174,1,1,1,1,2,2,2,1,3,2,3,3,4,2,3,1,3,4,4,4,3,3,2,4,3
مرد,44,دکتری,4,416,2,1,4,3,3,3,2,2,3,2,2,2,3,4,2,3,4,2,2,1,2,3,2,3,3
مرد,41,کارشناسی ارشد,9,5762,3,4,3,4,3,4,3,4,2,2,2,3,2,2,4,3,3,3,3,4,4,3,3,5,3
مرد,38,کارشناسی,2,182,3,3,4,4,3,2,2,3,2,1,1,3,4,3,4,2,3,2,3,2,2,3,1,1,2
مرد,46,دیپلم و کمتر,3,114,2,2,2,4,1,1,1,2,4,5,3,4,3,1,2,3,3,4,3,3,4,5,4,3,4
مرد,50,کارشناسی,13,116,4,3,3,4,5,3,4,3,3,5,4,3,4,4,3,4,3,4,3,2,3,3,3,3,3
مرد,20,کارشناسی ارشد,7,71,4,3,4,3,3,2,2,2,3,2,3,3,4,3,3,3,5,5,5,4,2,2,3,4,2
زن,44,دکتری,12,409,1,2,2,1,3,2,2,2,1,1,1,1,2,1,1,2,5,5,5,5,5,5,5,5,5
مرد,62,دیپلم و کمتر,11,273,3,3,4,3,3,3,2,5,2,1,1,1,3,3,2,3,4,4,3,2,4,3,4,3,2
مرد,36,کارشناسی,6,819,1,1,2,3,3,1,2,2,3,2,4,4,2,3,3,3,2,2,1,3,2,3,3,2,2
زن,40,کارشناسی ارشد,6,831,3,3,4,4,3,3,4,5,3,3,3,3,4,2,3,2,2,3,5,2,2,2,1,2,2
زن,53,کارشناسی ارشد,15,125,4,4,3,5,5,4,5,4,4,5,4,3,4,5,5,3,5,4,3,4,2,3,1,2,1
مرد,40,کارشناسی ارشد,2,98,5,4,4,5,3,3,5,4,3,4,3,3,4,4,4,4,4,3,3,3,1,2,2,1,2
مرد,34,دکتری,2,257,2,4,4,3,2,2,2,4,4,2,3,3,3,3,4,3,2,3,2,2,3,4,5,4,4
مرد,58,دیپلم و کمتر,1,1761,3,3,2,4,4,2,3,3,4,3,5,5,4,5,4,5,4,3,4,4,3,4,3,3,3
مرد,34,کارشناسی ارشد,5,75,2,2,2,4,5,4,4,5,4,5,4,3,5,3,3,2,3,4,3,3,3,3,3,3,4
مرد,30,کارشناسی,3,90,2,3,3,2,4,2,2,3,4,3,3,3,3,3,2,3,3,4,4,2,2,2,3,2,4
مرد,36,دیپلم و کمتر,4,549,4,4,2,3,4,4,4,4,4,2,2,2,2,1,3,2,4,5,5,4,4,5,4,3,5
مرد,47,دیپلم و کمتر,5,556,2,1,1,4,1,3,2,1,2,1,1,1,3,4,2,2,1,2,2,1,3,3,2,4,3
مرد,43,کارشناسی,8,504,2,2,3,3,3,2,4,3,4,4,4,3,2,3,2,2,1,1,2,4,2,4,2,3,3
زن,41,کارشناسی,16,622,2,3,3,3,3,2,3,3,3,3,2,3,3,2,2,1,3,4,4,3,3,3,2,3,4
زن,29,کارشناسی,15,320,1,2,1,2,2,3,4,5,4,2,4,3,2,3,3,3,5,3,2,3,4,4,3,4,4
مرد,28,کارشناسی,4,249,1,2,2,1,3,3,4,2,3,3,3,2,2,1,1,2,2,2,4,3,5,5,5,5,5
زن,24,کارشناسی ارشد,11,568,5,4,4,3,4,2,1,1,3,5,4,2,3,4,2,4,3,4,3,2,2,3,4,3,3
مرد,31,کارشناسی ارشد,2,611,1,3,1,2,1,1,2,2,3,2,3,3,2,3,2,3,4,3,3,4,3,5,4,4,3
مرد,24,کارشناسی,5,55,4,4,5,3,4,4,3,3,2,2,1,2,3,3,2,5,2,2,3,2,2,1,2,4,3
مرد,36,کارشناسی ارشد,6,48,2,3,2,4,3,2,2,3,3,3,1,3,4,2,3,2,2,4,5,5,3,4,5,2,3
زن,36,کارشناسی,5,835,2,2,4,4,3,2,5,4,3,3,4,4,2,3,2,1,2,3,3,4,3,3,3,5,3
مرد,26,دیپلم و کمتر,2,163,3,3,2,4,1,1,2,2,2,1,2,1,2,2,3,2,3,3,3,3,3,4,4,4,4
مرد,33,کارشناسی,9,74,4,2,4,5,2,3,3,3,3,3,2,3,2,4,2,3,2,2,4,3,3,3,2,3,2
مرد,61,کارشناسی,8,691,3,3,3,3,4,3,4,3,2,1,2,2,1,3,2,2,2,4,5,3,4,3,3,3,4
مرد,39,کارشناسی ارشد,4,1592,2,1,2,2,1,1,1,2,3,2,3,2,2,1,2,1,4,4,4,3,4,3,4,5,3
مرد,54,کارشناسی ارشد,15,300,2,4,3,3,1,2,1,1,2,3,2,2,2,1,2,2,4,2,4,5,5,3,4,4,4
زن,49,دکتری,5,146,2,2,3,2,5,5,3,4,2,4,3,3,4,5,3,3,5,4,4,5,3,2,4,5,2
مرد,32,دیپلم و کمتر,4,252,2,2,3,3,2,2,3,2,3,3,3,2,3,3,3,4,3,2,2,3,4,2,2,2,4
مرد,43,کارشناسی,10,742,4,3,4,4,4,3,4,3,3,4,3,3,4,3,2,3,2,2,1,2,1,2,1,2,2
مرد,32,کارشناسی,2,220,5,4,3,4,1,3,3,2,5,5,5,5,3,4,5,3,2,4,3,2,3,2,2,2,3
زن,42,کارشناسی ارشد,5,149,3,2,3,4,3,3,3,3,3,1,3,3,3,2,2,1,3,2,2,1,3,3,2,4,2
مرد,40,کارشناسی,15,271,2,3,3,3,1,2,1,1,1,2,1,3,2,3,3,4,5,5,5,5,3,4,4,5,5
مرد,40,کارشناسی ارشد,4,170,3,3,5,4,4,4,5,2,3,3,4,4,5,5,4,5,3,3,2,2,4,2,3,2,2
مرد,51,دیپلم و کمتر,8,334,4,3,3,3,5,3,3,3,3,5,4,3,3,3,2,4,1,2,3,1,3,3,4,4,2
مرد,40,کارشناسی ارشد,5,80,2,3,3,4,1,3,3,3,3,4,3,5,3,4,3,3,4,5,4,2,3,5,5,4,4
زن,35,دکتری,12,618,3,2,3,3,4,3,3,3,2,2,4,2,3,4,4,5,3,3,1,1,3,3,3,2,3
زن,41,کارشناسی,9,370,1,1,3,1,2,1,1,1,1,1,3,2,1,2,1,1,1,1,1,1,4,5,5,5,5
مرد,37,کارشناسی ارشد,11,767,3,2,2,1,2,4,3,2,4,3,5,4,4,4,3,3,5,4,5,5,2,3,2,3,4
مرد,38,کارشناسی ارشد,7,143,3,3,5,2,2,3,3,3,1,2,2,3,2,1,2,2,1,1,2,2,3,3,2,2,1
زن,50,دیپلم و کمتر,8,141,3,3,4,4,3,2,1,3,1,2,1,1,2,2,2,4,4,4,4,3,5,5,5,4,4
مرد,53,کارشناسی,8,1457,2,2,1,2,2,3,2,2,3,3,4,4,1,2,2,1,2,2,3,3,4,4,5,4,4
مرد,42,کارشناسی ارشد,15,140,3,3,4,3,1,1,2,2,3,4,2,4,3,3,3,3,3,2,3,3,2,3,3,3,3
مرد,38,کارشناسی ارشد,3,462,4,5,5,4,5,4,3,4,3,4,3,2,3,2,3,3,4,3,2,3,1,1,3,2,3
مرد,28,کارشناسی,9,652,4,5,5,5,4,2,3,2,3,2,3,2,3,4,4,4,4,4,5,5,5,3,4,4,3
زن,51,کارشناسی,11,391,4,3,4,4,2,3,2,4,3,3,3,3,2,3,2,3,3,3,4,3,3,3,3,3,3
مرد,54,کارشناسی,5,741,4,3,4,3,4,4,3,2,2,3,2,3,4,4,5,2,5,4,5,4,5,4,2,4,4
مرد,20,کارشناسی,17,217,4,5,4,4,3,2,4,4,3,3,4,3,4,4,3,4,2,4,4,3,2,4,3,3,3
مرد,38,کارشناسی,5,392,3,2,3,3,3,2,3,2,1,2,3,3,3,2,2,1,3,3,3,2,3,3,5,4,4
زن,34,کارشناسی,3,82,2,3,3,3,2,3,4,3,3,3,3,4,2,2,3,2,4,3,5,3,4,3,5,3,5
مرد,42,کارشناسی,1,446,3,1,3,4,4,3,4,3,2,4,3,4,1,1,3,2,2,4,3,3,2,1,3,4,2
مرد,35,کارشناسی ارشد,10,171,4,5,5,5,4,2,3,2,5,5,4,4,5,2,5,5,3,3,3,3,2,2,2,2,2
مرد,31,کارشناسی,10,117,3,3,3,2,5,4,5,5,2,3,2,1,4,3,4,4,2,3,3,4,3,4,4,2,4
زن,42,کارشناسی ارشد,4,117,3,3,2,2,3,3,2,2,1,2,3,1,2,3,3,2,2,2,2,2,4,3,3,4,4
مرد,47,کارشناسی,7,51,3,3,2,4,3,3,3,2,2,2,3,3,3,4,1,3,2,2,2,1,3,3,3,2,3
مرد,40,کارشناسی,5,70,4,3,2,2,3,5,5,4,3,4,2,3,4,3,4,4,1,1,3,3,1,1,1,2,2
مرد,35,کارشناسی,9,530,5,5,4,4,3,2,2,3,3,5,3,4,5,5,5,3,2,3,1,2,3,3,2,2,2
مرد,47,کارشناسی,6,166,3,4,3,3,1,2,3,4,2,3,2,1,3,3,4,3,1,1,1,1,2,1,3,2,2
مرد,38,کارشناسی ارشد,3,117,3,3,5,3,4,3,4,4,4,4,3,4,5,5,5,4,4,3,3,3,3,2,2,3,2
زن,39,دیپلم و کمتر,7,153,4,3,3,5,2,2,2,2,1,2,3,2,2,3,3,1,4,2,3,3,4,3,3,4,4
مرد,27,کارشناسی,3,198,3,3,2,4,2,1,1,1,3,3,4,5,3,2,4,3,3,3,3,2,5,4,5,3,4
زن,41,کارشناسی ارشد,12,51,2,1,3,2,3,4,4,3,2,3,3,3,4,2,3,2,3,2,2,3,3,2,3,3,4
مرد,40,دکتری,4,180,1,3,1,1,2,3,2,1,3,4,5,4,4,3,4,4,3,2,3,2,2,1,2,2,2
مرد,55,کارشناسی,5,148,1,3,3,1,3,3,4,4,1,2,3,3,2,4,2,2,4,2,3,2,4,4,3,4,4
مرد,31,کارشناسی,9,129,3,1,4,2,3,4,5,3,4,3,3,4,3,3,3,4,3,2,3,3,4,3,4,5,3
مرد,30,کارشناسی,5,58,3,4,4,4,5,5,3,4,3,3,3,3,4,4,3,4,3,3,2,3,1,3,3,4,2
مرد,42,کارشناسی,3,366,2,1,1,2,3,3,3,4,3,1,3,1,3,4,2,3,5,4,5,5,3,3,3,2,5
مرد,35,دکتری,7,156,3,4,3,3,1,3,2,3,2,3,3,2,3,2,3,3,3,3,2,3,2,1,2,2,2
مرد,44,دکتری,6,1138,2,1,2,1,3,3,3,2,3,4,4,2,3,4,3,2,1,1,1,2,3,1,1,2,1
زن,54,دیپلم و کمتر,4,453,1,1,1,1,4,4,3,3,4,4,5,3,3,2,2,3,2,1,3,2,2,3,4,3,3
مرد,20,کارشناسی,2,204,4,3,2,3,3,3,3,3,3,2,1,3,2,2,2,1,5,5,4,5,4,2,4,3,3
مرد,39,کارشناسی,12,171,3,3,5,5,3,3,2,3,1,2,3,2,2,2,3,3,4,5,3,2,3,3,3,3,4
مرد,44,کارشناسی,7,442,4,4,4,3,4,3,3,3,3,3,1,3,4,3,3,3,5,2,4,3,4,3,2,2,4
زن,39,کارشناسی,7,254,3,3,3,4,3,2,4,3,2,1,2,1,3,4,4,3,3,2,2,3,3,3,4,4,4
زن,25,کارشناسی,8,51,3,2,1,1,1,1,1,1,1,3,2,2,1,2,2,2,2,1,1,3,3,5,4,4,4
زن,40,کارشناسی,14,218,3,3,3,4,2,3,3,3,4,4,3,5,3,3,3,3,3,3,2,2,2,3,2,3,4
مرد,29,کارشناسی ارشد,3,863,3,4,2,3,3,3,3,3,1,1,4,1,1,1,3,2,3,3,3,4,3,3,3,3,2
زن,31,کارشناسی,19,121,5,3,5,5,4,3,4,5,2,3,3,3,3,5,2,5,5,4,5,5,3,3,4,2,4
مرد,29,کارشناسی,7,947,3,4,3,4,3,4,2,3,5,4,3,3,3,3,3,4,2,3,5,3,3,3,3,3,1
زن,45,کارشناسی ارشد,7,74,2,2,1,2,2,2,3,2,5,3,4,3,2,3,4,2,3,3,3,2,2,3,3,2,2
مرد,38,کارشناسی ارشد,4,187,2,2,4,4,3,2,3,3,3,2,2,1,2,3,2,2,5,3,5,5,3,4,3,2,4
مرد,52,کارشناسی ارشد,11,142,3,2,2,2,2,3,2,2,2,1,2,1,3,2,3,3,4,3,3,4,5,4,3,3,3
مرد,23,کارشناسی,5,80,3,5,4,5,5,4,4,3,2,3,3,3,4,3,4,3,3,3,4,4,1,1,2,2,1
مرد,24,کارشناسی,7,151,4,3,4,3,4,4,3,2,4,4,4,3,2,4,4,3,5,4,5,5,3,3,3,4,2
مرد,27,کارشناسی,7,1009,3,3,3,1,1,2,2,3,2,2,1,3,4,4,3,5,3,2,3,2,4,3,3,2,4
مرد,39,دکتری,9,98,4,3,4,5,3,2,3,2,2,2,2,2,3,2,1,4,5,3,5,2,3,3,3,4,4
مرد,48,کارشناسی ارشد,5,78,3,3,4,3,4,4,4,2,3,3,3,3,3,2,3,2,3,3,3,5,2,2,2,2,2
مرد,28,کارشناسی ارشد,5,55,3,3,2,3,2,2,3,1,3,3,4,3,4,3,2,3,4,5,5,4,4,5,3,3,2
مرد,37,کارشناسی ارشد,7,40,5,4,2,3,3,4,4,3,4,4,5,3,3,2,3,4,4,2,2,5,2,4,4,5,5
زن,52,کارشناسی,6,1801,5,2,4,4,3,3,2,2,1,2,2,1,3,2,3,3,4,3,2,3,2,1,3,4,1
مرد,55,کارشناسی,1,38,5,4,4,3,3,4,4,4,2,3,3,2,4,3,3,3,4,2,3,3,3,3,4,3,2
زن,42,دکتری,6,59,4,3,3,3,3,5,3,4,5,4,5,4,5,5,5,5,4,4,3,4,3,3,3,4,3
مرد,29,کارشناسی,5,64,2,2,2,3,4,3,3,3,3,3,5,2,4,4,4,4,4,3,4,3,3,4,4,3,4
مرد,45,کارشناسی ارشد,3,632,1,2,3,2,2,2,1,3,5,3,5,4,4,3,3,4,3,2,3,3,3,2,2,2,1
مرد,50,کارشناسی,14,840,5,4,5,3,3,4,4,3,2,2,3,1,3,4,3,3,4,3,3,4,4,3,4,4,4
مرد,43,کارشناسی,3,1778,1,1,1,2,4,3,4,5,2,2,2,1,3,1,3,3,4,4,3,4,3,3,4,2,3
زن,46,کارشناسی ارشد,9,117,1,1,1,2,3,3,1,2,1,1,1,1,1,3,1,2,4,4,4,4,5,4,4,5,4
زن,33,کارشناسی,3,70,4,3,3,2,3,3,3,2,4,3,3,3,5,3,4,4,2,1,3,3,3,4,2,4,3
مرد,35,کارشناسی,4,204,3,4,4,4,2,2,2,3,4,1,3,2,4,3,3,2,3,3,4,3,2,2,3,3,3
مرد,62,کارشناسی,1,1167,1,2,1,1,2,1,3,1,1,1,2,2,3,1,2,3,4,4,4,3,3,4,4,4,5
زن,20,کارشناسی ارشد,5,551,4,3,3,3,4,2,5,3,3,2,3,3,2,3,3,2,3,5,4,3,3,4,4,5,4
زن,41,کارشناسی,5,360,3,3,4,3,2,2,3,2,3,3,3,2,3,2,2,3,3,3,3,3,1,2,2,3,2
زن,51,کارشناسی,10,329,5,3,5,3,5,4,4,5,3,3,2,3,1,3,1,1,3,3,5,2,1,2,2,1,1
مرد,38,کارشناسی ارشد,30,366,2,2,4,4,1,1,1,1,2,2,3,3,3,3,3,2,3,3,4,4,2,1,3,4,5
مرد,31,کارشناسی ارشد,13,3234,1,3,2,2,2,2,1,2,3,2,3,3,1,1,1,1,5,4,5,3,3,2,4,4,5
مرد,24,کارشناسی ارشد,5,48,2,1,2,3,5,5,4,4,2,3,2,2,3,3,3,2,4,4,2,3,3,4,3,2,5
زن,40,کارشناسی ارشد,7,400,5,5,4,5,5,5,4,4,5,4,4,3,5,5,5,5,3,4,3,4,2,3,1,2,3
زن,47,کارشناسی,2,957,4,4,4,5,3,3,3,3,3,3,3,3,5,3,4,4,3,3,4,3,2,1,3,1,2
مرد,35,کارشناسی,6,670,2,2,2,3,2,3,3,2,4,3,1,3,3,3,2,5,1,3,2,1,2,1,2,2,1
مرد,49,کارشناسی,10,137,2,3,3,3,1,1,1,3,2,2,2,3,2,1,2,2,4,5,4,4,4,5,4,2,5
مرد,36,کارشناسی,30,237,3,3,3,1,4,2,2,2,4,3,4,5,4,4,5,5,3,2,2,2,3,3,3,4,4
مرد,40,کارشناسی ارشد,4,462,2,3,3,3,4,4,3,3,2,3,3,3,3,5,4,3,3,1,2,3,2,3,2,2,3
زن,60,کارشناسی,9,40,2,3,3,3,3,3,3,3,4,2,1,2,2,2,3,4,4,4,4,3,4,3,3,3,1
زن,46,کارشناسی,25,67,4,4,5,4,5,4,5,5,3,2,4,2,4,4,4,3,3,1,3,3,2,2,3,3,4
مرد,38,دکتری,4,399,3,3,5,4,4,4,3,3,4,4,5,4,5,5,3,4,2,2,2,1,1,1,1,1,2
مرد,38,کارشناسی,6,278,4,5,5,5,2,4,5,3,3,2,4,5,5,3,4,2,2,2,2,1,2,1,1,1,2
زن,30,کارشناسی,4,346,4,4,3,3,3,3,4,2,5,5,5,4,5,5,4,4,1,1,2,1,2,1,2,1,2
مرد,53,کارشناسی,15,179,4,4,3,3,1,1,3,3,2,3,2,2,1,1,2,3,1,2,1,2,2,4,3,3,3
مرد,25,کارشناسی,3,2022,4,5,3,3,5,5,5,5,4,4,5,5,5,5,4,5,3,3,2,3,1,1,2,1,1
مرد,31,کارشناسی ارشد,11,37,2,1,1,2,2,2,2,4,2,3,3,2,4,3,3,4,2,3,3,3,4,3,4,4,4
زن,42,دیپلم و کمتر,9,45,4,3,4,2,5,4,4,3,4,2,2,3,2,2,3,4,3,1,1,1,2,3,2,2,3
مرد,37,کارشناسی ارشد,1,268,3,3,3,2,3,3,4,2,4,4,3,3,4,5,4,4,1,3,1,1,3,3,3,4,3
زن,31,دکتری,11,290,4,3,3,3,4,4,4,3,3,3,2,1,4,4,4,3,4,4,4,4,2,3,2,2,1
زن,25,کارشناسی ارشد,3,478,1,1,1,1,3,2,4,4,1,1,1,1,1,1,1,1,3,4,4,3,4,5,5,5,3
مرد,33,کارشناسی,3,19,3,4,4,3,3,2,1,1,1,1,1,1,3,2,2,1,3,3,3,4,5,4,4,3,3
زن,47,دکتری,4,44,3,3,4,3,4,4,4,4,2,4,2,3,4,5,4,2,5,5,3,4,4,4,4,4,3
مرد,35,کارشناسی ارشد,2,1284,5,5,4,5,3,3,3,5,5,4,4,5,2,4,5,3,4,5,4,4,3,3,2,3,3
زن,35,کارشناسی,6,609,3,3,2,3,3,2,1,2,1,4,2,1,1,2,3,2,5,3,3,4,4,4,4,3,4
زن,43,کارشناسی,4,1661,4,3,3,3,5,3,3,4,3,3,4,4,2,1,1,4,3,3,4,4,3,3,1,3,3
مرد,40,کارشناسی,4,3343,4,4,3,3,3,3,2,4,2,3,1,2,1,2,1,1,5,5,4,5,3,2,4,2,2
زن,45,کارشناسی,3,279,3,2,3,3,3,4,5,4,3,3,2,4,4,3,2,3,2,2,3,4,1,1,3,1,1
زن,44,دیپلم و کمتر,2,719,5,5,4,4,3,4,4,3,2,2,2,2,3,3,3,3,3,3,3,3,2,1,1,3,2
مرد,31,کارشناسی ارشد,7,559,1,2,1,1,1,1,1,3,4,4,3,4,2,3,2,3,3,3,3,2,5,3,3,3,4
مرد,33,کارشناسی,4,81,3,2,2,2,2,3,2,3,3,2,2,2,3,3,3,3,2,1,2,3,3,5,4,3,5
مرد,46,دیپلم و کمتر,4,231,2,2,1,3,1,1,2,4,2,1,2,3,2,2,2,2,3,4,5,3,5,5,5,5,5
زن,46,کارشناسی,2,605,2,2,3,1,2,2,3,3,2,2,1,1,1,1,2,1,2,4,2,3,4,5,4,3,3
مرد,32,کارشناسی,2,1076,4,3,3,5,3,2,3,3,3,3,3,4,3,3,3,3,5,3,4,4,5,3,4,2,4
مرد,20,کارشناسی,5,195,4,4,4,5,4,5,4,3,3,4,4,3,4,4,3,4,3,3,3,3,2,3,3,3,3
زن,44,دکتری,8,129,2,2,3,4,2,3,1,3,3,2,2,2,3,4,3,4,3,4,2,3,5,4,4,4,4
مرد,44,کارشناسی,7,104,1,4,1,3,3,3,2,3,3,3,3,3,3,3,3,2,1,2,2,3,2,3,3,2,3
زن,36,کارشناسی,8,89,3,2,4,2,4,5,5,4,4,3,4,4,5,4,5,5,1,2,1,3,2,2,2,3,3
مرد,48,کارشناسی,8,25,4,4,2,2,2,3,4,2,2,2,1,3,4,2,3,2,3,3,2,4,2,3,2,3,2
مرد,38,کارشناسی ارشد,10,83,2,4,3,3,3,5,4,4,5,5,5,3,4,2,4,5,2,3,2,3,3,4,4,3,5
مرد,48,دکتری,5,94,1,3,1,1,3,2,3,2,3,2,4,3,4,3,3,4,3,3,2,4,2,3,3,3,2
زن,39,کارشناسی,9,82,2,3,3,4,3,2,3,2,3,1,3,3,3,3,4,3,4,4,4,4,3,4,3,2,4
مرد,36,دکتری,1,555,3,2,2,4,4,3,3,3,4,4,5,4,5,4,5,4,1,3,1,2,3,2,2,3,2
مرد,51,کارشناسی ارشد,10,238,4,5,2,3,5,5,4,4,4,4,5,4,4,4,3,5,2,3,2,3,3,2,4,3,2
مرد,48,دیپلم و کمتر,10,75,2,3,3,1,3,3,1,3,3,4,2,3,4,4,3,3,1,1,2,4,2,2,1,2,2
مرد,41,کارشناسی ارشد,7,973,4,4,5,5,5,5,4,5,4,5,3,4,5,4,5,5,3,1,2,1,1,1,1,1,1
مرد,36,کارشناسی,4,87,3,3,2,2,2,3,3,2,3,2,3,3,4,2,3,3,3,2,2,2,3,3,3,3,2
زن,20,کارشناسی ارشد,9,77,3,3,4,3,2,2,3,1,2,3,4,3,2,4,3,2,3,2,3,1,3,2,2,2,3
مرد,40,کارشناسی,4,320,5,3,5,3,3,3,3,3,3,3,2,3,5,3,4,4,2,3,2,2,3,2,3,3,4
مرد,32,کارشناسی ارشد,5,2438,4,2,4,5,3,4,3,3,5,5,4,5,2,2,3,3,3,3,3,3,3,3,4,5,4
مرد,37,کارشناسی ارشد,3,80,4,3,3,4,3,4,5,3,3,5,3,4,4,3,4,5,2,2,3,2,3,2,2,3,2
مرد,45,کارشناسی ارشد,8,110,4,4,3,3,4,4,4,4,4,3,3,4,3,4,3,2,3,2,3,3,2,2,3,2,3
مرد,30,دکتری,3,154,5,5,4,4,4,3,4,3,3,4,4,4,2,2,3,4,5,5,5,5,1,1,2,2,2
زن,35,کارشناسی,7,193,3,2,1,4,4,5,5,5,4,4,5,4,5,3,3,4,4,3,5,5,1,1,2,2,1
مرد,45,کارشناسی,5,297,4,4,5,4,3,4,2,3,4,4,3,5,3,5,5,5,4,3,4,4,3,3,4,4,3
زن,27,کارشناسی,10,102,3,5,4,5,2,3,1,4,3,3,4,3,5,4,3,4,3,3,2,2,2,2,3,3,2
مرد,50,کارشناسی ارشد,6,994,5,4,5,5,3,4,4,4,4,4,5,3,3,5,3,4,5,3,4,4,5,3,1,4,3
مرد,62,کارشناسی ارشد,8,124,2,2,2,3,3,2,2,1,5,2,3,5,2,2,1,4,4,2,3,3,5,4,3,4,3
زن,23,دیپلم و کمتر,4,375,4,5,4,3,4,3,4,2,3,3,4,3,4,4,5,3,3,2,4,4,1,2,2,1,1
مرد,44,کارشناسی,4,286,5,5,4,5,5,5,4,4,3,4,4,3,5,5,4,5,3,3,3,1,1,1,1,2,1
مرد,34,کارشناسی,4,605,2,2,1,1,4,4,4,5,5,3,4,4,2,1,1,1,3,3,3,5,4,5,4,4,4
مرد,39,دیپلم و کمتر,2,108,4,3,3,4,5,4,4,3,3,3,4,3,4,5,4,5,2,4,3,2,3,2,1,1,1
زن,20,کارشناسی,6,677,1,2,2,2,4,3,2,3,2,4,4,3,2,3,3,2,3,4,3,2,2,3,2,1,3
زن,56,کارشناسی ارشد,9,278,3,2,2,3,3,2,1,2,3,2,3,2,3,3,3,2,4,5,4,4,4,4,4,2,4
زن,45,کارشناسی ارشد,2,128,4,3,2,3,5,5,5,4,3,2,4,2,3,4,4,5,3,1,4,4,3,1,2,2,2
مرد,35,کارشناسی ارشد,6,61,3,5,5,5,3,4,3,3,2,3,2,2,2,2,2,2,3,4,5,5,4,3,3,4,3
مرد,49,کارشناسی,8,339,3,3,4,2,2,2,1,2,3,4,3,2,2,1,1,3,2,3,2,3,4,4,5,5,5
مرد,63,کارشناسی,3,563,3,3,4,3,5,4,4,4,2,2,2,3,4,2,2,4,4,4,5,3,3,2,2,2,2
مرد,40,کارشناسی,5,203,3,5,4,4,4,4,4,5,3,3,2,2,4,3,2,3,3,3,3,3,2,2,2,2,1
مرد,39,کارشناسی ارشد,1,205,3,3,2,2,4,3,3,3,3,3,3,4,2,3,3,3,1,2,1,1,3,4,2,3,2
مرد,27,کارشناسی,6,332,2,3,1,2,2,2,1,4,4,3,3,2,3,2,3,3,3,5,3,2,5,4,5,5,3
زن,34,کارشناسی ارشد,7,406,3,3,2,3,3,3,3,4,3,3,3,3,2,2,3,2,1,1,1,2,2,3,2,3,3
مرد,49,کارشناسی ارشد,8,683,4,3,5,4,5,4,2,5,2,3,3,2,3,3,2,3,5,4,5,5,3,3,3,4,2
مرد,36,کارشناسی,6,147,1,1,1,1,1,1,2,1,3,3,3,3,1,1,1,1,3,3,4,3,3,3,4,4,4
زن,39,کارشناسی ارشد,7,1021,3,2,3,4,1,3,4,5,4,3,4,5,2,2,3,1,3,2,2,3,4,4,4,5,4
مرد,24,کارشناسی,17,367,2,3,3,4,2,2,2,2,4,4,5,5,4,2,4,4,1,2,2,3,2,3,3,3,2
مرد,54,کارشناسی ارشد,14,93,2,4,4,1,2,3,3,2,5,5,4,4,1,3,1,2,3,3,3,2,3,3,3,3,3
مرد,37,کارشناسی,4,714,4,2,2,2,3,3,4,3,3,4,3,4,3,2,4,3,2,2,2,2,3,1,2,3,4
مرد,30,کارشناسی,6,24,4,2,3,4,1,1,2,1,4,3,4,5,4,3,3,4,3,3,3,3,2,3,1,1,2
مرد,51,کارشناسی ارشد,4,478,3,3,5,3,2,3,4,2,3,5,4,3,3,1,2,3,1,1,2,2,3,3,3,4,4
مرد,43,کارشناسی ارشد,5,31,2,2,3,4,4,4,5,4,3,2,3,2,2,3,3,3,2,1,2,2,2,3,3,2,2
مرد,38,کارشناسی,5,270,5,5,5,5,3,3,3,3,3,3,5,3,3,3,2,3,5,4,4,3,2,3,2,1,1
مرد,33,کارشناسی ارشد,3,237,2,2,3,3,2,2,4,2,2,1,2,1,1,1,3,1,1,1,1,2,3,4,5,5,3
مرد,34,دکتری,3,645,4,2,4,1,4,5,4,5,3,3,2,3,3,2,3,3,3,3,3,3,3,3,3,3,4
مرد,38,کارشناسی ارشد,5,53,4,3,5,4,2,1,2,3,3,3,3,3,3,3,4,4,3,3,2,2,2,3,2,1,4
زن,46,دیپلم و کمتر,5,173,2,2,3,2,4,3,3,3,3,1,2,2,5,3,3,5,4,4,5,4,3,4,3,4,3
مرد,28,کارشناسی,3,57,3,3,1,3,2,2,1,2,2,3,4,2,2,3,3,1,2,3,3,3,3,4,2,4,4
زن,41,کارشناسی,15,200,5,3,5,5,4,5,4,4,1,2,2,2,3,3,4,3,5,4,4,4,1,4,3,2,4
مرد,32,دکتری,6,418,5,5,4,3,3,4,3,4,2,2,3,4,2,1,3,1,3,2,3,3,3,3,3,5,4
مرد,45,کارشناسی,2,173,3,2,3,2,4,5,4,2,3,3,3,5,4,4,2,3,4,2,3,3,3,2,3,3,3
زن,25,کارشناسی ارشد,12,204,5,5,2,4,3,2,3,3,3,4,4,3,2,3,3,2,3,2,3,4,3,2,3,3,3
مرد,42,کارشناسی,9,206,1,3,1,3,1,1,2,2,2,1,2,2,3,3,1,2,2,3,2,3,3,3,1,3,3
زن,30,کارشناسی ارشد,4,249,3,3,4,4,3,3,2,4,5,5,5,5,4,5,4,5,1,1,2,2,1,1,1,2,2
زن,53,کارشناسی,13,390,3,4,3,4,2,2,1,1,4,3,3,3,2,3,3,2,2,2,3,4,4,2,4,4,4
زن,37,کارشناسی,10,117,5,4,4,4,4,4,3,4,4,4,3,4,5,2,3,3,4,5,4,4,2,3,3,4,3
زن,41,کارشناسی,5,175,3,3,3,3,2,1,3,3,2,2,3,4,3,2,3,2,2,3,4,3,4,3,4,3,2
مرد,28,دیپلم و کمتر,1,214,1,3,2,2,4,2,4,3,1,2,2,2,2,3,3,1,3,3,4,2,4,4,3,5,4
مرد,40,کارشناسی,7,121,4,3,4,4,5,3,4,1,3,1,3,4,4,4,5,5,4,4,5,5,2,3,4,2,3
زن,48,کارشناسی,6,148,3,3,3,4,1,1,1,2,3,3,2,4,3,2,1,4,3,3,4,4,3,3,2,3,2
مرد,26,کارشناسی,8,347,4,4,3,5,4,2,2,3,3,2,3,3,4,4,4,4,4,3,4,5,2,3,4,2,2
زن,23,کارشناسی,6,1378,3,2,2,4,1,3,3,2,4,4,2,3,3,2,5,3,3,3,3,1,3,3,5,3,3
مرد,25,کارشناسی,1,63,3,3,2,3,3,3,3,3,3,3,1,3,1,1,2,1,2,2,3,3,4,2,4,3,3
مرد,39,دیپلم و کمتر,5,478,3,2,3,2,2,3,2,3,1,1,1,1,2,2,2,2,3,3,4,3,5,5,5,5,4
مرد,43,کارشناسی,13,152,2,2,2,3,3,3,3,3,3,3,4,5,3,3,4,3,3,2,3,4,4,3,3,2,3
مرد,31,کارشناسی,3,67,4,3,1,3,1,1,2,2,4,3,3,3,4,2,3,2,3,4,4,3,3,5,5,4,5
زن,28,کارشناسی,6,140,3,3,2,3,3,2,1,2,1,2,1,3,1,3,2,2,3,3,4,2,5,5,5,5,5
زن,42,کارشناسی,15,128,4,5,3,5,5,5,5,5,4,4,5,5,5,5,5,5,5,5,4,5,3,3,4,4,3
زن,40,کارشناسی ارشد,11,569,4,3,4,4,5,5,4,2,4,5,4,3,2,2,3,3,4,4,3,3,3,3,3,4,4
مرد,45,کارشناسی,12,118,5,4,5,5,4,3,5,5,4,4,3,5,4,3,4,3,4,3,4,3,2,1,2,2,3
مرد,43,دکتری,5,576,4,3,5,4,1,2,2,3,4,2,1,3,1,3,2,2,5,5,5,5,4,3,3,4,3
زن,45,کارشناسی,11,86,2,2,3,3,4,2,4,4,5,4,4,5,4,4,3,4,1,1,2,1,2,1,1,1,3
مرد,20,دیپلم و کمتر,5,230,3,4,4,3,4,3,3,3,2,3,3,4,5,5,5,3,5,3,3,5,1,1,1,2,3
مرد,42,دیپلم و کمتر,4,68,3,3,2,3,4,4,4,2,3,4,2,3,3,3,3,4,3,3,3,1,2,3,3,2,4
مرد,39,کارشناسی ارشد,2,88,4,3,4,2,3,3,5,3,5,4,3,4,3,2,3,4,5,3,4,3,5,4,5,3,4
زن,30,کارشناسی,8,152,3,3,2,2,3,4,4,4,5,4,5,3,3,2,2,2,2,3,3,3,2,2,4,3,4
مرد,33,کارشناسی ارشد,5,303,2,3,3,4,2,2,1,1,4,3,4,3,2,3,3,3,3,4,3,4,4,4,5,4,3
زن,30,کارشناسی,4,571,4,1,4,3,3,3,2,2,3,2,1,2,2,3,2,5,2,2,1,1,3,3,3,3,1
مرد,33,کارشناسی,8,14,3,3,3,2,1,4,3,2,2,2,2,3,3,2,2,2,3,4,4,3,2,4,3,3,3
مرد,38,دیپلم و کمتر,6,84,2,3,1,2,1,4,3,1,3,3,4,3,2,2,2,1,3,2,2,1,3,4,4,1,3
مرد,42,کارشناسی,1,111,2,1,3,1,2,1,1,1,4,3,3,4,2,4,2,3,5,4,3,4,5,4,4,3,5
زن,48,کارشناسی,14,819,2,2,2,1,5,4,4,3,3,3,3,4,2,4,3,4,3,3,2,2,3,3,3,4,2
زن,46,کارشناسی,6,127,1,3,3,2,3,3,3,3,4,4,5,5,4,4,4,2,2,3,1,2,3,2,1,3,3
مرد,35,کارشناسی,5,283,2,3,3,4,5,1,4,3,4,4,3,3,4,4,4,2,2,1,1,3,3,2,3,3,2
مرد,38,کارشناسی ارشد,6,510,4,3,3,4,4,4,4,4,1,2,2,2,3,2,2,3,3,3,3,3,3,3,3,3,3
مرد,41,دکتری,4,384,3,3,4,3,2,2,3,1,2,2,1,3,3,3,2,4,5,4,4,3,4,4,4,3,5
مرد,50,دکتری,3,84,3,2,3,3,3,3,4,3,4,3,3,4,4,2,3,1,3,4,4,2,4,3,3,3,5
مرد,28,کارشناسی,11,431,3,2,3,3,5,5,5,4,3,2,2,2,3,3,3,3,2,2,1,3,1,3,1,2,3
زن,35,کارشناسی,5,44,2,2,1,2,3,4,4,5,3,3,4,1,3,2,4,1,3,3,4,4,4,5,3,4,4
زن,35,کارشناسی,7,258,3,3,2,4,5,5,5,3,4,5,4,3,4,4,4,4,3,3,3,4,4,3,4,5,4
مرد,26,کارشناسی,10,124,4,5,3,4,3,3,4,4,3,3,3,3,4,5,4,1,3,4,3,3,4,4,4,2,5
مرد,27,کارشناسی ارشد,7,802,4,3,3,2,3,3,4,4,3,4,4,3,5,5,3,5,3,3,1,3,3,2,3,1,2
زن,53,کارشناسی ارشد,8,2178,4,3,2,3,4,5,5,4,3,3,2,2,4,4,3,3,3,2,2,1,4,3,4,3,2
زن,52,کارشناسی ارشد,2,554,5,4,4,3,3,3,4,5,3,3,2,2,2,3,3,3,4,3,3,3,5,4,3,5,5
زن,54,کارشناسی,2,94,2,2,2,2,3,2,2,4,4,4,4,4,4,3,4,5,4,3,4,3,5,3,4,4,4
مرد,57,کارشناسی,3,830,3,4,3,3,4,3,4,4,2,2,2,2,5,4,4,4,5,5,4,3,4,4,4,5,4
مرد,42,کارشناسی,7,242,2,1,2,2,3,4,4,3,5,4,5,4,3,4,4,3,4,5,4,3,3,4,3,3,3
زن,22,کارشناسی,15,244,4,3,3,4,4,4,3,4,1,1,1,1,4,3,3,2,5,5,3,3,2,3,3,3,3
زن,55,کارشناسی,7,269,3,2,3,2,3,3,3,3,4,3,3,5,3,4,5,3,2,1,2,2,1,1,1,2,3
زن,54,کارشناسی ارشد,5,206,3,3,4,3,3,3,3,3,3,4,4,3,3,3,2,2,3,3,2,3,3,2,2,3,2
مرد,37,کارشناسی ارشد,8,178,3,3,4,4,2,2,2,3,3,2,3,3,3,4,3,3,4,4,4,3,4,4,2,3,4
زن,40,کارشناسی ارشد,7,212,3,4,3,2,4,3,3,2,3,3,4,2,3,5,4,5,3,3,3,2,2,4,4,3,3
مرد,40,کارشناسی,2,188,1,2,2,1,4,3,3,5,4,4,5,3,5,4,3,4,3,4,3,3,3,3,1,3,2
مرد,46,کارشناسی,3,360,4,5,4,4,3,5,4,2,4,3,5,4,4,2,4,3,2,2,2,3,2,2,2,3,3
مرد,28,کارشناسی ارشد,10,163,3,4,4,4,4,3,3,3,3,3,2,1,2,3,1,4,2,2,3,3,3,3,3,3,4
مرد,35,کارشناسی,9,199,3,1,2,4,3,3,4,1,2,2,3,2,2,3,1,3,2,3,2,2,5,4,3,2,4
مرد,50,کارشناسی,1,269,4,4,4,4,3,2,2,3,5,4,5,5,4,2,4,3,2,3,3,3,3,3,3,3,2
زن,40,کارشناسی,6,37,3,2,2,3,3,2,1,2,5,5,4,4,3,3,4,3,2,3,3,3,3,3,4,5,4
مرد,46,کارشناسی ارشد,24,178,3,3,3,3,4,3,5,3,4,5,4,4,4,2,4,3,3,3,3,4,4,2,3,1,4
زن,43,کارشناسی ارشد,12,935,2,1,1,1,3,2,3,2,4,1,3,2,1,1,2,2,3,2,2,2,5,4,5,5,5
مرد,47,کارشناسی ارشد,13,200,3,3,4,3,3,3,3,3,1,1,1,1,3,2,3,1,5,4,3,3,4,3,4,3,4
مرد,20,کارشناسی,1,35,3,4,3,3,3,3,4,2,3,2,2,3,3,2,3,2,4,3,3,2,2,2,3,4,4
مرد,35,کارشناسی,7,208,3,4,3,3,3,3,3,3,4,3,4,3,4,5,4,4,4,5,5,4,5,5,5,5,5
مرد,20,کارشناسی,16,286,3,4,3,3,3,5,4,3,3,2,2,1,2,2,3,2,2,3,3,2,4,4,3,3,1
زن,39,کارشناسی,5,353,4,4,4,3,2,3,2,3,3,3,3,3,5,4,4,4,3,4,3,4,4,2,4,3,2
زن,39,کارشناسی ارشد,6,35,2,2,3,4,1,3,3,2,4,3,4,1,2,2,3,2,2,2,1,3,2,3,3,5,3
زن,41,دیپلم و کمتر,5,30,3,3,2,2,3,3,3,3,1,2,2,1,1,2,3,1,4,5,5,5,2,2,3,5,4
مرد,25,کارشناسی ارشد,4,129,2,1,2,3,2,3,2,1,3,2,2,3,2,2,3,1,4,4,5,4,4,3,4,4,5
مرد,33,کارشناسی ارشد,6,210,3,4,3,2,2,2,2,3,3,5,3,5,2,2,3,2,3,4,4,5,4,5,5,5,4
زن,45,کارشناسی ارشد,9,164,3,3,2,3,1,3,2,1,2,1,2,2,1,4,1,1,3,3,4,2,4,5,4,4,4
مرد,54,کارشناسی ارشد,1,290,2,4,3,2,3,4,3,3,4,3,3,3,3,3,4,2,3,3,2,2,4,4,4,2,3
مرد,41,کارشناسی,9,173,2,2,2,2,4,3,3,5,2,3,2,2,3,3,4,3,3,4,4,5,4,3,3,4,4
زن,44,کارشناسی ارشد,4,1163,1,1,1,1,1,2,1,1,5,5,4,4,2,2,2,1,2,2,2,2,5,4,4,4,5
زن,29,دیپلم و کمتر,10,76,3,2,3,3,3,3,3,3,3,3,3,4,4,4,3,5,4,2,3,3,2,3,2,1,3
مرد,42,کارشناسی ارشد,6,665,2,3,2,5,2,2,2,2,4,5,5,4,2,3,3,4,3,4,4,3,4,3,4,3,3
مرد,63,کارشناسی ارشد,11,897,3,5,3,4,1,2,2,3,4,3,4,3,4,4,3,3,2,3,4,3,3,4,3,4,3
مرد,32,دیپلم و کمتر,6,14,3,3,3,3,3,4,4,3,5,5,5,5,4,5,4,3,4,3,3,5,4,5,4,4,5
مرد,32,کارشناسی ارشد,6,31,3,3,3,2,4,5,3,3,4,4,4,4,3,3,3,2,3,3,2,2,5,3,5,3,4
زن,48,کارشناسی ارشد,8,190,5,4,3,2,5,5,4,4,3,3,2,3,3,4,4,3,1,1,1,2,3,1,2,2,2
مرد,29,کارشناسی ارشد,6,91,1,2,2,2,1,1,1,2,3,3,1,2,3,3,2,3,3,3,3,3,5,4,5,4,4
زن,30,کارشناسی,6,135,4,4,3,4,3,4,3,3,2,1,2,3,3,3,3,4,1,3,2,1,2,2,3,1,2
مرد,39,کارشناسی,2,142,3,4,2,3,4,3,5,4,3,2,3,4,3,3,4,3,2,3,2,2,2,1,3,3,3
مرد,27,کارشناسی,17,30,3,4,3,3,3,3,3,3,2,2,1,1,1,2,1,3,5,4,3,5,2,3,4,4,4
مرد,58,کارشناسی,4,62,3,2,2,4,4,3,3,3,2,2,2,2,2,3,2,3,1,1,1,2,4,4,5,4,3
مرد,25,کارشناسی,5,83,2,2,1,1,3,2,3,2,3,2,3,2,2,2,3,3,2,2,3,1,3,3,3,2,3
مرد,43,کارشناسی ارشد,11,116,3,3,4,3,3,4,3,4,3,3,2,2,5,4,4,3,2,1,3,1,2,3,3,4,2
زن,37,دکتری,9,61,1,2,2,2,1,3,3,3,3,3,4,4,3,2,3,2,2,1,2,2,3,3,4,3,5
زن,39,کارشناسی ارشد,3,2323,1,2,2,1,2,2,2,4,3,2,3,3,3,4,3,4,3,3,4,4,3,3,2,3,3
مرد,22,کارشناسی ارشد,3,392,3,3,3,3,4,5,3,5,4,3,4,3,3,2,2,2,4,3,3,3,3,1,2,2,3
مرد,39,کارشناسی ارشد,19,771,1,2,4,1,2,1,3,1,3,5,5,4,4,5,5,4,3,2,3,3,3,2,3,3,3
مرد,32,کارشناسی,7,311,1,2,3,2,1,1,1,1,2,2,3,3,2,1,1,1,5,5,5,5,5,4,5,4,4
زن,37,کارشناسی,11,159,4,2,3,2,4,3,4,3,1,1,2,2,1,3,2,2,4,3,4,3,4,5,4,4,4
زن,38,کارشناسی ارشد,11,65,3,3,3,4,3,4,4,3,4,5,5,5,4,4,5,3,2,2,3,2,2,2,2,1,1
مرد,38,دیپلم و کمتر,6,324,4,4,3,4,5,5,4,3,2,1,2,2,2,3,3,2,4,3,4,3,1,1,2,1,1
مرد,38,کارشناسی,3,280,4,5,4,5,4,2,3,4,5,3,3,3,3,4,3,4,2,3,2,2,2,1,2,2,2
زن,37,دکتری,10,460,3,4,3,4,3,3,2,3,2,4,3,2,4,3,2,2,4,5,5,5,3,4,5,3,3
زن,37,کارشناسی,7,921,4,4,5,3,2,4,4,4,5,5,5,4,4,5,4,4,5,4,4,2,4,4,5,4,3
زن,47,کارشناسی,2,141,4,5,4,4,5,5,5,5,2,3,1,2,4,4,3,3,3,3,1,2,3,2,2,2,2
مرد,41,کارشناسی ارشد,5,1395,3,2,3,2,5,4,5,5,1,1,1,1,4,4,3,4,1,2,1,1,2,2,2,1,4
زن,49,دکتری,7,448,2,4,3,2,4,3,3,3,5,5,5,5,3,4,4,2,3,3,3,4,3,2,3,3,2
زن,32,کارشناسی ارشد,5,93,5,4,5,4,5,4,5,5,4,3,3,4,4,4,4,5,3,4,3,3,2,3,2,2,3
مرد,53,کارشناسی ارشد,9,59,3,3,3,4,3,5,4,4,2,3,2,2,2,2,2,2,4,3,3,3,3,4,3,2,2
مرد,50,کارشناسی ارشد,6,292,2,3,2,4,3,5,3,5,4,3,3,3,4,3,2,3,5,3,2,4,3,3,3,1,3
مرد,42,کارشناسی ارشد,18,158,1,1,2,1,1,1,3,2,3,2,2,4,1,2,1,1,3,3,3,3,4,5,4,2,4
مرد,39,کارشناسی,3,86,5,4,4,4,4,4,3,5,5,5,4,3,3,3,3,3,4,3,4,5,1,1,1,2,2
زن,24,دکتری,5,107,3,3,3,3,2,3,1,2,2,3,1,2,3,3,3,4,2,2,2,3,1,1,3,3,2
مرد,42,کارشناسی,13,114,4,4,2,1,2,4,1,3,3,2,4,2,3,2,3,3,3,3,3,3,3,2,2,1,5
زن,47,کارشناسی ارشد,9,82,4,4,3,2,3,3,3,2,4,4,4,4,2,3,4,4,3,4,2,2,2,3,1,3,3
زن,29,کارشناسی ارشد,13,47,3,4,3,3,3,3,3,2,4,4,3,4,5,4,3,4,1,1,1,1,2,1,2,2,3
زن,46,کارشناسی,10,72,2,2,2,3,4,2,4,4,3,2,2,3,2,2,3,4,3,2,1,2,3,3,2,3,3
مرد,30,کارشناسی,8,115,3,3,4,3,3,3,4,3,4,5,4,3,2,3,1,1,2,2,3,2,4,4,5,5,5
مرد,38,کارشناسی ارشد,6,87,4,3,4,4,5,3,4,4,5,5,5,5,4,4,4,5,3,4,4,4,1,3,2,1,4
زن,42,کارشناسی,2,1232,2,2,2,3,1,1,2,1,3,4,4,5,2,2,2,1,3,3,2,4,3,3,3,4,3
مرد,50,کارشناسی,2,503,2,3,2,3,3,3,5,3,3,3,3,2,2,3,2,2,4,4,5,4,4,3,3,4,3
زن,34,کارشناسی,5,183,1,1,1,2,5,3,5,2,4,4,5,5,2,3,2,2,2,4,1,3,4,4,4,3,4
مرد,35,کارشناسی,13,168,2,2,2,2,3,3,3,4,3,3,3,2,2,3,2,3,3,5,2,2,2,3,2,3,3
زن,47,کارشناسی,6,896,2,2,3,3,4,3,3,5,3,3,3,3,4,5,5,5,2,4,3,2,2,1,2,1,1
مرد,36,کارشناسی,4,142,2,1,2,3,4,3,3,4,2,2,2,2,1,2,2,1,2,1,1,3,3,4,3,3,3
زن,46,دیپلم و کمتر,13,145,3,2,2,2,2,2,2,2,4,4,4,4,4,2,3,3,2,4,2,2,2,2,1,2,2
زن,41,کارشناسی,4,68,3,4,2,3,2,4,5,4,5,4,4,4,4,5,5,2,4,3,4,4,3,3,3,3,2
مرد,43,دکتری,6,204,1,1,1,1,1,2,3,2,2,2,2,2,1,1,3,1,2,2,2,3,3,3,3,4,3
مرد,54,کارشناسی ارشد,9,320,1,2,2,1,3,2,2,2,4,4,3,4,3,5,4,4,1,2,3,3,1,1,2,1,1
مرد,48,دیپلم و کمتر,7,218,4,5,3,5,4,5,2,4,5,5,5,5,4,5,5,5,5,5,4,5,3,3,4,2,3
مرد,32,کارشناسی ارشد,14,537,3,3,3,4,1,1,1,1,2,2,3,2,3,3,3,2,2,3,2,1,2,3,3,4,1
زن,44,دیپلم و کمتر,10,45,2,2,3,4,1,2,1,1,3,4,5,5,3,2,2,4,5,5,4,4,5,5,5,5,4
زن,38,کارشناسی,2,630,3,3,3,3,5,4,4,3,4,4,3,2,4,3,2,4,3,3,3,4,3,5,4,4,5
مرد,44,کارشناسی,6,28,2,2,1,3,3,2,2,3,1,3,1,3,3,2,2,3,3,2,2,4,3,5,4,3,4
مرد,59,دکتری,12,207,2,2,3,3,4,1,3,2,1,2,1,2,1,1,1,2,2,2,2,5,2,3,3,4,4
مرد,51,کارشناسی,13,439,5,5,5,5,2,2,1,2,5,3,4,5,5,5,5,5,5,4,5,5,4,3,2,3,4
مرد,56,کارشناسی,1,306,3,3,4,3,2,4,3,4,3,5,3,5,4,4,3,5,4,4,5,4,2,4,4,4,3
زن,30,کارشناسی,1,45,3,4,3,4,5,5,3,5,4,3,5,2,3,3,4,2,3,2,3,2,3,3,4,5,3
مرد,39,کارشناسی,4,207,2,1,1,1,1,2,3,3,2,3,2,4,2,2,2,2,3,4,2,3,3,3,3,4,3
مرد,44,دیپلم و کمتر,9,263,2,3,3,3,5,5,4,5,3,4,4,4,5,5,5,3,3,5,2,3,2,3,2,2,3
مرد,44,کارشناسی,7,196,3,3,1,2,1,4,2,3,2,2,2,2,3,2,3,4,3,4,4,4,4,3,3,3,3
زن,43,کارشناسی,8,87,2,2,3,2,3,4,3,2,2,2,3,2,5,3,5,2,2,4,4,3,2,4,2,3,1
مرد,46,کارشناسی ارشد,13,657,4,4,3,5,3,3,4,4,4,4,4,3,4,5,4,4,3,4,2,3,1,3,2,2,2
مرد,20,کارشناسی,5,150,3,3,3,2,3,3,4,3,3,4,4,2,2,2,1,1,3,3,3,3,3,3,4,3,4
مرد,40,دیپلم و کمتر,15,279,3,3,3,5,3,4,3,4,3,2,3,2,4,3,3,3,2,2,3,3,1,3,2,2,1
مرد,31,کارشناسی ارشد,4,397,5,3,3,3,5,3,4,3,3,2,3,3,5,5,5,5,3,3,4,4,2,2,3,3,2
مرد,37,دکتری,6,545,3,4,4,4,2,2,3,2,4,3,3,3,2,2,2,1,5,5,4,5,3,4,1,3,2
مرد,48,کارشناسی,5,309,4,2,2,4,2,2,2,3,3,4,4,5,3,3,2,2,3,3,2,3,1,1,2,3,3
مرد,34,کارشناسی,4,189,4,5,3,3,3,2,3,4,3,2,2,4,5,4,4,5,3,2,3,2,2,3,3,3,2
زن,31,کارشناسی,5,119,4,3,2,3,3,2,1,3,3,2,3,2,2,4,2,2,2,2,3,4,3,2,4,4,3
زن,22,کارشناسی,9,118,2,1,2,1,2,3,1,3,3,2,2,3,2,2,3,2,3,2,3,2,4,4,3,4,2
مرد,28,دکتری,11,941,1,2,1,1,2,3,3,2,2,1,2,2,2,4,2,4,2,2,3,1,5,3,5,5,3
مرد,26,کارشناسی ارشد,6,661,5,3,4,3,5,3,4,5,4,5,4,4,5,3,4,4,5,4,4,5,2,3,1,3,2
مرد,47,دیپلم و کمتر,6,267,4,4,3,3,4,5,3,3,3,2,2,3,3,2,3,3,3,3,2,2,3,2,3,2,3
مرد,26,کارشناسی ارشد,3,342,5,4,5,5,4,3,4,3,1,2,2,2,5,5,5,4,3,3,5,5,2,1,2,1,2
مرد,34,کارشناسی ارشد,7,1967,3,4,5,3,4,5,5,3,4,4,4,4,3,4,3,4,4,3,3,3,2,3,4,3,1
مرد,43,کارشناسی ارشد,30,884,5,5,4,4,2,2,3,2,3,4,4,3,2,3,3,3,4,3,3,3,4,3,4,3,3
زن,46,کارشناسی ارشد,23,10,2,1,2,2,3,1,2,2,5,3,4,5,4,3,3,3,1,2,1,2,3,3,2,3,2
مرد,45,کارشناسی,6,183,4,4,5,4,4,4,5,3,4,4,3,2,3,4,3,3,3,3,3,3,3,3,4,3,3
مرد,31,کارشناسی,5,47,3,4,3,3,4,3,5,5,2,1,3,4,1,2,2,3,3,5,3,4,5,5,5,5,5
مرد,49,کارشناسی,9,361,3,1,1,2,1,1,1,3,4,4,2,3,5,3,2,2,1,3,1,3,3,3,3,3,3
مرد,30,کارشناسی,12,115,2,1,2,3,3,2,4,3,1,1,2,1,1,2,1,1,3,3,4,4,3,3,3,4,4
مرد,40,کارشناسی ارشد,9,39,3,3,4,2,3,4,5,4,1,3,3,3,3,4,4,3,3,1,3,3,1,4,1,3,2
مرد,51,دکتری,11,158,3,3,4,2,3,2,4,2,4,5,4,4,3,3,3,1,3,2,1,3,4,4,3,3,5
زن,34,کارشناسی,5,297,3,4,3,4,3,4,4,3,4,3,4,4,3,4,4,4,1,1,2,1,2,2,2,1,2
مرد,48,کارشناسی ارشد,2,481,4,3,3,4,4,3,3,4,2,4,1,3,2,4,3,2,3,3,5,4,5,3,4,3,5
مرد,42,کارشناسی ارشد,8,553,5,4,2,4,3,3,2,1,3,4,3,2,3,3,1,3,3,3,3,2,5,4,3,5,4
مرد,51,کارشناسی ارشد,6,974,3,4,4,4,3,1,2,3,3,5,3,3,3,2,3,3,2,2,3,4,3,2,2,4,3
مرد,32,کارشناسی,8,50,3,2,2,3,3,3,4,2,3,3,4,5,1,2,2,2,3,3,2,3,2,3,3,2,3
زن,33,کارشناسی,6,136,1,2,1,3,2,2,2,2,3,2,2,2,2,3,3,3,3,2,3,3,5,5,5,4,5
مرد,38,کارشناسی ارشد,7,182,3,4,3,4,4,3,4,2,3,2,3,3,3,5,2,2,4,5,3,4,4,4,4,4,4
مرد,28,کارشناسی,3,257,4,4,5,3,3,4,3,3,4,3,3,4,3,4,3,4,3,4,5,4,3,4,2,3,3
مرد,37,کارشناسی ارشد,3,356,3,4,4,4,1,2,2,2,4,4,4,2,3,2,4,3,4,2,2,1,2,3,3,3,4
زن,21,کارشناسی ارشد,6,128,4,4,4,4,3,3,4,3,2,1,3,1,4,5,4,3,3,3,4,4,4,3,1,2,2
زن,45,کارشناسی,5,3752,4,2,4,3,4,3,3,4,2,3,4,2,2,3,2,2,4,3,3,2,1,2,3,2,2
مرد,24,کارشناسی,12,235,1,1,1,2,2,2,1,2,4,4,3,4,1,1,2,2,3,4,2,4,3,3,4,4,3
مرد,42,دیپلم و کمتر,3,729,1,1,1,1,2,3,4,3,5,5,4,4,4,4,5,3,1,1,1,1,2,3,3,2,1
مرد,49,کارشناسی ارشد,4,639,5,5,5,5,5,5,5,4,2,4,3,3,4,3,4,3,1,2,3,2,2,2,1,1,3
زن,20,کارشناسی ارشد,2,1743,2,2,2,2,2,2,3,2,2,3,3,4,2,3,3,1,2,2,3,2,4,4,5,4,4
مرد,36,کارشناسی ارشد,11,209,4,4,5,5,3,3,2,2,2,2,1,1,4,4,3,2,4,3,5,5,5,5,5,3,5
مرد,35,دیپلم و کمتر,8,369,3,3,3,4,1,2,3,2,2,1,2,2,5,4,5,3,4,5,5,5,4,5,3,5,4
زن,43,کارشناسی,5,187,3,3,3,2,4,3,2,4,3,3,2,3,3,2,2,4,4,2,4,3,4,4,3,3,4
زن,44,کارشناسی,8,2872,3,4,3,5,3,2,1,3,4,5,4,3,3,4,4,3,4,4,5,4,4,5,3,4,4
زن,29,کارشناسی,4,81,2,2,3,4,4,5,5,4,3,4,3,3,3,3,2,4,3,4,2,2,1,1,2,3,1
مرد,49,کارشناسی,9,53,3,3,3,2,3,4,2,4,4,3,5,4,2,2,2,2,3,2,1,1,4,3,5,5,4
مرد,44,کارشناسی,6,699,3,2,4,2,3,1,3,2,1,3,2,3,3,3,1,3,3,5,2,3,2,3,3,4,4
مرد,45,کارشناسی,8,350,3,1,2,3,2,3,3,3,2,2,2,3,4,3,3,3,4,4,3,3,3,2,2,4,4
مرد,25,کارشناسی ارشد,8,94,2,3,3,2,2,2,4,3,2,2,3,4,2,2,2,3,2,4,3,5,3,3,2,4,4
مرد,34,کارشناسی ارشد,5,807,4,2,4,3,2,2,3,4,5,5,4,5,3,4,4,3,1,1,1,1,2,2,1,2,1
زن,25,کارشناسی,14,2293,2,3,2,2,1,1,2,2,4,4,3,3,3,2,1,4,1,2,2,2,4,3,3,4,4
مرد,43,کارشناسی,10,2971,3,3,3,3,2,3,3,4,1,3,2,2,3,2,3,2,4,3,4,4,4,5,4,4,4
مرد,52,کارشناسی,4,1430,3,2,4,2,3,4,3,3,3,3,3,5,3,4,4,3,1,1,1,1,2,1,1,2,1
زن,47,دیپلم و کمتر,10,44,4,4,4,4,2,2,4,2,2,4,4,3,2,3,3,4,4,4,3,2,3,3,3,2,4
زن,44,دیپلم و کمتر,7,330,5,5,5,5,4,5,4,2,3,2,2,3,5,5,5,4,4,3,3,4,2,1,2,3,2
زن,45,دکتری,2,169,2,2,2,2,3,4,3,3,3,4,3,4,3,3,2,2,1,1,1,2,4,4,4,2,3
مرد,34,کارشناسی ارشد,8,302,2,2,2,4,2,3,3,3,2,3,2,1,4,4,4,3,4,4,3,3,3,2,4,4,4
مرد,55,کارشناسی,9,54,4,5,4,4,4,4,4,3,3,5,3,4,3,3,4,3,3,4,4,3,2,2,1,3,3
مرد,45,کارشناسی,18,1118,1,3,3,3,3,3,4,2,3,3,2,2,3,3,4,3,2,2,3,3,2,2,2,2,2
مرد,36,کارشناسی ارشد,15,222,3,4,4,4,2,3,3,3,5,3,3,3,3,3,4,2,1,3,1,2,1,1,2,2,1
مرد,37,کارشناسی ارشد,7,170,2,3,1,3,3,3,4,2,5,3,4,3,3,4,3,5,2,2,1,1,3,3,2,3,2
مرد,30,کارشناسی,16,552,3,4,4,5,3,3,2,2,4,3,3,4,3,4,4,5,3,3,2,4,2,2,3,1,2
زن,59,کارشناسی,3,68,1,2,2,3,1,2,2,1,2,3,2,2,1,1,1,1,3,4,3,4,5,5,5,5,5
