SC,AR,SME,FOMO,AL,AIU,LE,exp,age,gender,edu,logport
1.5,1.25,3.0,1.1666666666666667,3.75,3.6,0,6,51,1,3,6.061456918928017
3.75,3.0,4.0,4.166666666666667,2.5,2.2,1,4,27,1,2,4.356708826689592
2.25,4.0,3.2,3.6666666666666665,4.0,4.4,1,23,49,1,2,4.330733340286331
4.25,3.5,4.2,4.0,2.5,1.4,0,5,34,0,3,5.231108616854587
1.5,4.0,2.6,2.0,3.0,3.0,0,9,45,1,1,6.876264611890766
3.75,3.75,3.2,3.5,3.5,3.6,0,5,43,1,3,3.044522437723423
2.0,2.0,2.4,1.8333333333333333,4.0,2.8,0,2,43,1,2,4.90527477843843
4.75,4.25,3.6,4.0,3.5,2.0,0,10,38,1,4,5.298317366548036
1.5,2.75,3.6,2.1666666666666665,4.0,3.4,0,3,32,1,2,4.48863636973214
1.75,3.0,3.0,2.1666666666666665,2.75,1.6,0,14,33,0,2,5.7745515455444085
2.0,3.0,3.6,3.3333333333333335,3.25,3.4,1,6,23,0,2,4.564348191467836
4.5,3.75,4.4,3.8333333333333335,3.5,3.0,0,3,39,1,3,6.008813185442595
3.5,4.25,4.4,4.833333333333333,4.25,4.0,1,19,36,1,3,4.762173934797756
1.5,1.25,3.0,1.8333333333333333,2.0,2.0,1,11,46,1,4,6.075346031088684
2.25,4.0,3.0,3.1666666666666665,3.75,3.2,0,9,20,1,2,2.6390573296152584
1.75,4.0,2.8,3.0,3.75,2.8,1,6,37,0,2,6.021023349349527
3.25,3.5,3.0,3.1666666666666665,4.25,3.0,1,2,41,1,4,4.477336814478207
4.0,2.5,2.2,3.1666666666666665,3.75,2.8,0,10,33,1,4,6.222576268071369
3.5,4.5,4.6,4.666666666666667,2.5,3.2,1,6,39,1,1,5.529429087511423
2.75,2.75,2.8,3.1666666666666665,2.5,1.8,0,16,35,1,3,4.51085950651685
2.5,2.25,1.2,2.3333333333333335,4.5,2.8,1,9,59,1,2,4.584967478670572
2.25,2.25,4.0,2.8333333333333335,3.75,2.2,1,4,46,0,3,3.8501476017100584
4.25,3.25,2.2,3.0,3.75,2.4,0,14,33,1,4,6.577861357721047
4.25,3.5,3.8,3.5,3.25,1.0,1,18,30,1,2,5.429345628954441
2.0,2.5,2.2,2.3333333333333335,3.5,3.8,1,17,48,1,3,4.382026634673881
4.25,3.75,4.4,3.3333333333333335,1.75,2.2,0,8,48,1,3,6.720220155135295
2.5,3.0,4.0,2.8333333333333335,3.25,2.0,0,15,30,1,4,4.290459441148391
3.0,3.75,3.0,3.3333333333333335,2.75,3.8,1,12,34,1,2,4.653960350157523
3.5,3.25,2.8,3.6666666666666665,3.25,4.4,0,6,40,1,4,4.9344739331306915
3.25,2.5,3.4,2.1666666666666665,3.25,3.0,0,6,47,1,3,3.367295829986474
2.0,2.75,3.2,2.8333333333333335,1.75,2.0,0,13,56,0,3,6.516193076042964
3.25,3.5,3.2,2.5,2.25,2.0,0,8,45,1,2,4.852030263919617
3.0,2.25,2.2,1.8333333333333333,2.5,1.4,0,7,47,1,2,3.5553480614894135
3.25,5.0,4.6,3.3333333333333335,3.0,3.4,0,5,56,1,3,5.730099782973574
3.5,2.75,4.0,4.166666666666667,2.75,2.8,1,7,30,0,2,6.85751406254539
3.25,2.5,2.8,3.5,3.25,1.4,0,12,46,1,3,4.5217885770490405
3.0,3.25,4.6,3.6666666666666665,2.25,2.8,0,6,51,1,2,5.4510384535657
3.75,2.75,1.2,3.3333333333333335,3.0,3.4,0,2,48,1,2,6.4967749901858625
4.5,3.75,4.4,2.6666666666666665,1.75,1.8,0,6,49,1,3,6.226536669287466
3.0,2.75,3.8,3.3333333333333335,1.75,1.4,0,8,52,1,2,4.624972813284271
3.25,3.5,3.2,2.5,3.5,2.8,0,6,47,1,2,3.7376696182833684
4.5,3.5,4.6,4.166666666666667,3.0,1.4,0,6,40,1,3,7.0317412587631285
1.5,2.5,2.6,2.5,2.5,1.8,1,16,29,1,3,5.908082938168931
2.75,4.0,2.6,2.6666666666666665,4.5,3.4,1,9,34,1,2,4.976733742420574
2.25,3.0,3.0,2.6666666666666665,4.25,3.2,0,5,42,1,2,5.91350300563827
4.0,4.5,4.0,2.8333333333333335,4.0,4.4,0,4,34,1,2,5.713732805509369
2.0,2.25,3.0,2.3333333333333335,4.25,3.6,1,7,46,1,3,6.843749949006225
3.75,3.5,4.6,2.6666666666666665,3.25,2.8,0,6,29,0,3,5.886104031450156
2.0,2.75,2.0,3.1666666666666665,2.75,3.4,1,5,39,1,4,5.111987788356544
1.75,3.5,4.2,2.8333333333333335,4.0,3.0,1,13,38,1,2,3.6109179126442243
3.0,1.75,3.4,3.3333333333333335,3.25,1.8,0,6,42,0,2,6.102558594613569
2.25,3.25,2.6,3.1666666666666665,3.5,4.0,0,6,26,1,3,5.1298987149230735
3.0,3.5,3.2,1.8333333333333333,1.5,1.8,0,10,36,0,2,5.438079308923196
3.75,3.0,3.6,2.1666666666666665,2.5,3.0,0,11,39,1,4,5.272999558563747
4.25,3.75,3.4,4.0,2.75,1.2,1,8,52,1,2,5.262690188904886
3.75,4.0,2.8,3.8333333333333335,2.75,4.2,0,4,52,1,3,7.035268599281097
3.5,5.0,4.2,4.0,3.5,2.2,1,9,47,1,3,4.465908118654584
2.25,3.25,3.4,2.0,2.0,2.2,0,5,37,1,2,4.770684624465665
1.5,1.75,3.0,1.3333333333333333,3.0,3.6,0,8,46,1,1,4.394449154672439
2.5,2.5,2.8,2.3333333333333335,2.25,3.2,0,9,38,1,2,5.831882477283517
3.5,4.25,2.8,4.0,3.25,2.0,0,3,43,1,2,4.31748811353631
1.75,2.5,4.8,4.333333333333333,2.0,2.8,1,30,36,0,2,6.336825731146441
2.75,3.5,3.2,2.8333333333333335,4.75,3.6,0,4,64,1,3,7.683403681053826
2.75,3.75,2.6,2.6666666666666665,1.5,3.0,0,13,41,0,1,4.564348191467836
2.75,2.25,3.2,1.8333333333333333,2.75,2.2,0,4,41,1,2,6.612041034833092
2.75,4.25,3.0,3.6666666666666665,2.0,2.6,1,1,49,1,2,3.4011973816621555
2.75,3.0,4.4,2.1666666666666665,4.0,1.4,0,8,32,1,2,3.9318256327243257
3.5,3.0,3.0,4.333333333333333,5.0,5.0,0,8,44,1,2,3.8066624897703196
3.0,1.75,3.0,1.3333333333333333,1.5,2.2,0,8,37,1,2,6.354370040797351
2.75,4.25,3.6,3.3333333333333335,2.0,2.4,1,12,20,0,2,5.3471075307174685
3.25,3.5,1.2,3.5,4.25,4.6,1,17,40,1,1,5.327876168789581
2.25,4.0,3.8,3.8333333333333335,5.0,3.6,0,1,23,1,3,6.1779441140506
3.75,2.5,3.4,3.0,3.5,2.0,1,5,39,1,2,4.189654742026425
2.0,2.75,1.6,2.3333333333333335,3.0,2.2,0,3,30,0,2,5.575949103146316
3.5,3.0,4.0,3.3333333333333335,2.75,2.4,1,12,57,0,3,5.41610040220442
4.0,3.75,3.0,2.5,4.0,4.6,1,8,52,1,2,4.77912349311153
2.75,4.25,4.4,4.333333333333333,3.0,2.4,1,7,37,0,3,5.497168225293202
2.75,4.0,2.8,2.0,3.0,2.8,1,11,53,0,2,4.07753744390572
3.0,3.75,4.2,3.8333333333333335,2.75,3.0,0,6,37,1,4,4.330733340286331
2.5,2.0,5.0,3.6666666666666665,2.75,2.0,0,3,37,1,3,5.5053315359323625
3.75,2.0,3.2,2.5,3.0,2.8,0,7,49,1,3,5.214935757608986
1.25,2.0,2.8,2.0,3.25,2.8,1,13,51,1,4,5.945420608606575
2.5,3.75,3.4,2.5,1.75,2.6,0,14,40,1,1,7.7354333524996886
2.75,1.5,3.6,2.3333333333333335,3.5,3.2,0,3,39,0,4,5.575949103146316
3.0,3.25,4.0,2.0,1.5,1.2,0,4,36,1,4,4.6913478822291435
4.0,4.75,2.4,3.8333333333333335,5.0,4.4,1,19,36,1,2,6.633318433280377
2.0,3.5,2.4,2.1666666666666665,2.75,3.0,0,12,35,0,1,5.991464547107982
5.0,4.75,4.8,3.5,4.25,3.8,0,3,42,1,2,5.198497031265826
2.25,3.5,1.8,2.6666666666666665,3.75,4.0,0,7,33,1,2,5.241747015059643
2.75,2.0,3.4,3.3333333333333335,3.75,3.2,0,3,43,1,1,4.976733742420574
1.75,3.25,3.2,3.5,4.75,4.0,0,3,23,1,2,5.204006687076795
2.25,3.0,3.4,2.0,3.5,4.4,0,7,39,0,3,6.226536669287466
4.25,4.75,2.8,4.0,2.75,3.0,1,12,38,0,2,5.313205979041787
2.75,2.75,3.6,3.6666666666666665,3.25,3.6,0,4,47,1,3,7.1316985104669115
2.25,2.75,3.8,3.5,5.0,2.8,1,11,48,1,3,4.454347296253507
3.5,2.5,4.4,4.0,3.75,2.0,1,18,43,0,4,6.214608098422191
3.25,2.75,3.0,2.8333333333333335,3.0,1.8,0,16,47,1,3,4.532599493153256
3.25,2.5,1.4,2.1666666666666665,3.5,2.4,0,11,50,1,3,3.6635616461296463
2.75,2.75,2.0,2.6666666666666665,2.25,4.6,1,19,41,1,3,5.517452896464707
3.0,3.0,4.0,3.1666666666666665,2.75,1.2,0,11,38,1,3,5.5093883366279774
2.5,2.0,3.4,2.5,3.25,1.8,0,11,23,1,2,5.877735781779639
3.0,3.25,3.0,2.6666666666666665,3.75,1.6,0,2,51,0,2,2.6390573296152584
1.0,3.5,3.8,3.1666666666666665,3.25,3.2,1,21,20,1,3,5.986452005284438
1.25,2.0,3.4,3.5,3.25,2.8,0,6,42,1,3,4.110873864173311
3.0,4.75,2.0,2.5,2.75,4.4,1,5,35,1,3,6.309918278226516
4.25,4.0,4.6,3.8333333333333335,2.5,2.8,1,8,35,0,3,3.6635616461296463
2.25,4.25,2.6,2.5,3.25,3.8,0,5,31,0,1,4.90527477843843
3.5,4.0,4.4,3.5,2.75,2.8,1,16,42,0,2,6.142037405587356
3.25,1.25,2.8,3.8333333333333335,1.75,3.4,0,11,45,1,2,6.610696044717759
3.25,2.0,1.4,3.0,3.75,2.8,0,4,50,1,2,6.923628628138427
2.0,2.75,3.2,2.0,4.25,3.8,1,2,47,1,2,4.90527477843843
2.0,4.25,3.8,3.1666666666666665,4.25,4.2,0,7,31,1,2,5.529429087511423
2.25,3.25,3.2,3.3333333333333335,1.5,1.2,1,17,24,1,2,4.30406509320417
2.0,3.0,3.2,3.5,3.75,2.6,1,2,31,0,3,6.0112671744041615
3.25,4.75,3.8,4.166666666666667,2.75,2.4,1,3,44,0,2,4.394449154672439
3.5,2.75,4.0,3.6666666666666665,3.75,2.0,0,15,40,1,4,4.762173934797756
1.75,2.0,3.6,2.3333333333333335,2.0,1.2,1,6,63,0,2,4.5217885770490405
4.0,4.0,3.4,3.8333333333333335,3.5,2.2,1,6,31,1,3,7.112327444710911
2.75,1.75,3.0,2.0,2.75,3.0,0,12,36,1,2,5.780743515792329
2.25,3.75,2.8,2.1666666666666665,3.5,1.8,0,5,37,1,2,4.8283137373023015
3.25,3.0,2.8,3.0,5.0,3.6,0,6,58,0,3,6.052089168924417
3.25,3.25,1.8,2.6666666666666665,2.5,2.8,1,12,21,1,2,4.700480365792417
1.75,2.75,3.2,1.1666666666666667,3.25,4.0,0,10,45,1,3,8.162801353492073
2.25,3.0,3.8,2.6666666666666665,2.0,3.0,0,10,57,1,2,5.030437921392435
2.25,4.0,3.2,4.333333333333333,3.0,2.6,1,12,35,1,2,4.477336814478207
5.0,4.0,4.8,4.5,5.0,3.2,1,3,34,1,3,5.8805329864007
4.0,3.75,3.0,3.1666666666666665,3.0,3.4,0,7,39,1,2,5.393627546352362
2.25,2.75,3.0,2.0,2.25,3.0,0,5,37,0,3,4.0943445622221
3.0,2.5,2.6,1.8333333333333333,3.0,1.4,0,11,39,0,3,4.844187086458591
2.5,3.5,1.6,2.5,3.0,2.2,0,14,22,0,2,3.6888794541139363
1.75,3.25,4.0,2.6666666666666665,3.0,3.0,0,3,42,1,3,5.529429087511423
3.75,4.5,3.8,2.8333333333333335,1.25,1.0,0,14,26,1,3,4.127134385045092
2.5,2.25,1.8,1.6666666666666667,3.25,3.2,0,7,34,1,3,5.3230099791384085
4.5,3.0,2.6,2.0,3.0,3.0,0,3,39,0,4,6.295266001439646
3.25,2.25,4.4,3.0,3.0,1.8,1,7,25,1,3,5.159055299214529
3.5,4.25,3.4,3.0,2.25,2.8,0,9,23,1,3,4.330733340286331
3.5,1.25,4.0,2.6666666666666665,3.5,2.8,0,6,30,1,4,5.117993812416755
1.75,2.0,1.6,2.0,4.5,4.0,1,11,37,0,4,4.290459441148391
1.75,4.0,2.8,3.5,3.25,2.2,0,1,29,1,3,5.480638923341991
1.25,2.0,1.6,2.3333333333333335,2.5,2.8,1,14,42,1,1,5.37989735354046
2.5,2.75,3.4,3.5,2.75,3.0,1,2,41,1,4,5.062595033026967
4.5,4.0,3.0,4.666666666666667,3.75,3.6,1,14,58,0,1,4.6443908991413725
2.25,2.25,1.6,1.3333333333333333,2.25,3.2,1,17,21,1,3,4.718498871295094
2.75,2.25,1.6,1.3333333333333333,4.0,3.2,1,12,45,1,1,4.997212273764115
2.75,2.5,3.2,3.0,2.75,2.2,0,14,44,0,2,4.23410650459726
2.25,3.5,3.6,2.8333333333333335,3.25,2.8,0,14,42,1,4,3.912023005428146
3.75,3.0,2.8,3.3333333333333335,3.5,1.4,0,6,41,1,3,5.541263545158426
4.0,3.5,4.4,3.8333333333333335,3.75,2.0,1,2,35,0,2,4.1588830833596715
3.25,1.75,3.6,2.8333333333333335,1.5,1.6,0,9,40,1,3,4.997212273764115
1.75,3.25,4.4,3.0,3.5,2.8,1,3,37,0,1,5.739792912179234
2.0,1.5,3.2,1.3333333333333333,3.5,2.0,0,7,42,1,2,4.727387818712341
2.0,3.75,4.0,4.5,3.75,2.8,0,17,24,0,2,4.634728988229636
3.0,3.75,4.2,3.0,4.0,3.4,1,8,35,0,3,5.537334267018537
2.25,2.5,3.6,2.6666666666666665,4.25,2.2,0,11,47,1,2,6.269096283706261
3.25,2.5,4.6,4.5,2.25,2.2,0,5,48,1,3,4.653960350157523
1.0,1.75,3.0,2.5,1.0,3.0,1,3,38,1,2,5.407171771460119
2.0,2.75,3.2,2.6666666666666665,4.25,3.4,0,6,41,1,2,6.066108090103747
2.25,3.0,4.0,2.8333333333333335,4.25,4.0,0,21,47,1,2,5.298317366548036
2.75,3.5,2.6,2.6666666666666665,1.75,2.2,1,11,42,1,4,4.23410650459726
2.0,2.5,2.8,2.8333333333333335,1.25,1.6,0,9,32,1,4,4.68213122712422
3.5,3.0,5.0,4.0,2.75,2.0,0,4,32,1,2,3.6635616461296463
3.75,4.25,2.4,4.166666666666667,4.5,4.0,0,6,28,1,4,6.0014148779611505
3.0,4.5,4.4,3.8333333333333335,3.5,2.2,1,7,43,1,4,4.997212273764115
3.25,2.0,1.0,1.6666666666666667,2.5,3.0,0,9,46,0,2,5.846438775057725
2.75,3.25,2.6,3.1666666666666665,3.5,1.6,1,7,41,0,3,5.455321115357702
3.75,2.25,3.6,2.6666666666666665,2.0,3.6,1,8,23,0,1,4.663439094112067
2.0,1.75,2.6,2.0,2.75,2.8,0,6,20,1,2,5.123963979403259
1.75,3.5,3.0,4.0,2.75,3.2,1,13,31,1,3,5.3981627015177525
3.25,4.5,4.6,1.8333333333333333,3.0,2.6,0,8,36,1,1,7.3427791893318455
2.5,3.0,2.8,1.6666666666666667,3.5,2.6,0,8,44,1,3,6.728628613084702
3.75,2.75,3.6,4.333333333333333,2.25,2.4,0,3,37,1,2,5.820082930352362
1.25,2.0,4.8,3.3333333333333335,1.5,1.6,0,13,49,0,2,5.950642552587727
3.0,4.0,2.6,3.1666666666666665,4.0,3.8,1,5,29,0,3,5.82600010738045
2.5,3.0,2.0,2.5,1.75,3.2,1,17,31,0,3,5.209486152841421
3.0,3.25,2.4,2.6666666666666665,3.25,4.2,0,7,62,1,2,6.315358001522335
1.75,2.5,2.4,2.3333333333333335,1.75,2.6,0,12,31,1,3,5.846438775057725
1.0,3.25,2.4,2.3333333333333335,3.5,3.4,1,5,32,1,4,4.61512051684126
3.0,3.75,3.6,3.8333333333333335,3.0,2.6,1,11,42,1,2,5.860786223465865
2.75,2.75,3.0,2.6666666666666665,4.75,3.6,0,18,51,1,3,5.902633333401366
2.0,2.75,3.4,2.6666666666666665,2.0,2.0,0,10,40,1,2,5.356586274672012
2.5,4.0,3.6,3.5,3.25,2.6,1,12,29,1,2,6.576469569048224
2.25,3.0,4.2,3.5,3.0,1.6,0,6,26,1,3,5.1647859739235145
3.5,3.5,2.8,4.833333333333333,2.5,1.6,1,17,26,0,2,6.489204931325317
2.5,2.5,2.4,2.8333333333333335,4.25,3.2,0,11,33,1,4,5.786897381366708
1.5,2.5,1.2,2.8333333333333335,3.75,3.2,1,3,25,0,2,4.007333185232471
1.5,4.0,3.8,2.3333333333333335,2.75,1.2,0,6,49,0,4,7.134890851565884
3.25,2.5,3.0,3.5,2.25,1.8,0,15,34,1,3,4.564348191467836
2.25,3.0,1.8,2.0,2.25,3.2,0,13,23,0,3,3.5263605246161616
4.0,2.75,3.2,3.1666666666666665,2.75,2.8,1,3,29,1,2,4.330733340286331
3.0,1.75,2.4,2.5,3.5,2.8,0,14,51,1,2,4.060443010546419
1.0,1.75,2.2,2.1666666666666665,5.0,2.8,0,6,48,1,3,4.867534450455582
3.25,3.25,3.6,2.5,1.75,1.8,0,9,32,1,2,4.90527477843843
2.25,3.0,2.4,2.1666666666666665,3.75,3.2,0,14,46,0,3,7.424165281042028
4.0,4.25,4.6,3.5,3.25,1.6,1,13,53,1,3,4.2626798770413155
3.25,3.0,3.6,3.3333333333333335,3.0,1.4,0,12,34,1,4,4.564348191467836
1.75,4.25,4.0,3.1666666666666665,3.0,2.6,0,17,45,1,4,6.79794041297493
2.5,2.75,2.2,2.1666666666666665,3.5,4.2,0,4,32,1,2,4.927253685157205
4.0,2.75,2.4,2.8333333333333335,3.5,1.8,1,8,39,0,3,3.828641396489095
1.75,3.5,2.2,3.0,3.75,3.8,0,13,64,0,4,5.638354669333745
3.5,3.5,5.0,4.166666666666667,2.5,1.6,0,12,42,1,2,4.672828834461906
2.25,2.25,4.0,2.8333333333333335,4.0,1.4,0,1,37,0,2,5.393627546352362
3.25,3.0,3.2,4.0,4.75,2.0,1,7,44,0,2,4.418840607796598
2.75,3.25,3.2,3.0,3.5,2.6,0,8,47,0,2,5.752572638825633
1.75,1.25,3.0,3.0,3.0,2.8,0,13,30,1,1,6.60934924316738
3.0,3.25,2.6,2.0,2.75,3.0,0,9,42,0,3,6.343880434126331
3.0,3.75,3.8,1.6666666666666667,1.75,1.6,0,10,39,1,3,6.202535517187923
3.25,3.0,3.4,2.1666666666666665,2.75,4.2,1,3,36,0,2,4.110873864173311
4.5,3.5,2.2,2.6666666666666665,1.5,2.6,1,9,43,1,1,3.258096538021482
1.25,2.75,3.4,3.0,3.5,1.8,0,8,55,0,2,4.7535901911063645
3.0,2.75,3.2,3.0,4.75,2.8,1,20,29,0,3,5.817111159963204
4.25,3.25,3.0,2.8333333333333335,2.0,2.0,0,18,42,0,3,5.087596335232384
4.75,4.25,4.4,2.3333333333333335,2.25,3.8,0,14,37,1,2,5.087596335232384
2.5,1.5,2.6,3.3333333333333335,2.25,1.8,0,4,26,1,3,6.464588303689961
3.75,4.25,3.2,5.0,3.75,3.0,1,12,34,1,2,6.1070228877422545
2.0,3.0,2.8,3.6666666666666665,3.75,3.4,0,10,65,1,2,3.7612001156935624
1.25,2.0,3.0,1.5,2.0,2.0,0,5,29,1,3,2.4849066497880004
4.0,4.75,3.2,3.6666666666666665,3.0,2.6,0,3,40,0,2,5.683579767338681
1.75,2.5,3.0,2.1666666666666665,2.25,2.4,1,12,41,1,2,3.1780538303479458
2.25,2.5,2.8,3.5,3.0,2.8,0,13,56,0,2,3.4965075614664802
4.0,2.75,4.4,4.0,3.25,1.4,1,17,42,0,2,5.583496308781699
3.0,1.75,3.6,2.1666666666666665,3.75,3.4,0,7,35,0,2,4.060443010546419
2.75,3.75,2.8,2.0,3.75,4.0,1,6,31,0,2,5.351858133476067
2.25,2.75,3.4,3.1666666666666665,5.0,3.8,1,10,29,1,3,5.634789603169249
3.25,2.0,1.8,3.1666666666666665,2.0,1.0,0,10,43,1,3,3.970291913552122
3.75,3.0,2.0,2.6666666666666665,1.75,2.6,1,10,46,1,2,4.0943445622221
3.0,4.25,4.2,3.8333333333333335,2.75,2.6,1,17,31,0,1,5.087596335232384
2.75,3.25,1.6,1.3333333333333333,2.5,2.4,0,15,58,0,1,5.337538079701318
1.25,1.25,1.2,1.3333333333333333,4.75,4.4,0,6,41,1,3,5.872117789475416
4.25,4.0,4.0,3.3333333333333335,2.0,3.6,0,10,22,1,2,4.3694478524670215
2.25,3.25,2.2,2.8333333333333335,3.5,3.0,1,6,41,1,2,4.927253685157205
2.25,1.0,4.2,2.3333333333333335,4.5,3.4,0,11,49,1,3,4.31748811353631
1.5,3.5,2.6,2.8333333333333335,3.0,3.2,1,5,52,0,2,5.093750200806762
2.25,2.25,3.2,2.8333333333333335,3.25,3.2,0,9,44,1,4,5.003946305945459
2.5,3.75,3.2,2.6666666666666665,2.0,2.0,1,8,30,0,3,5.703782474656201
1.5,2.0,2.2,1.0,3.0,3.6,0,6,40,1,2,3.6635616461296463
4.25,3.25,3.8,3.3333333333333335,1.75,2.2,0,10,43,1,3,4.9344739331306915
3.5,4.0,2.4,4.666666666666667,3.0,2.4,1,4,49,1,4,6.400257445308821
2.0,1.5,2.2,1.1666666666666667,4.0,4.6,1,7,34,0,3,6.349138991379798
2.75,3.25,4.8,3.3333333333333335,1.0,1.6,0,10,40,1,2,4.574710978503383
4.0,4.5,2.4,4.5,3.0,1.8,1,5,44,1,3,4.454347296253507
3.5,5.0,4.8,3.3333333333333335,3.5,2.8,0,6,24,1,1,7.186144304522325
5.0,4.5,3.8,4.5,4.25,3.2,1,8,59,1,2,4.465908118654584
4.0,5.0,3.2,3.6666666666666665,3.75,3.2,0,14,20,0,2,6.22455842927536
1.5,1.75,3.4,2.1666666666666665,2.75,2.4,0,9,56,0,3,5.955837369464831
4.75,3.0,2.4,4.0,4.25,3.4,1,30,40,1,4,5.4116460518550396
2.0,1.75,2.2,2.5,2.25,2.4,0,5,52,1,2,5.147494476813453
3.75,2.0,3.0,1.8333333333333333,2.25,2.4,1,4,61,1,2,6.742880635791903
3.75,3.75,3.8,3.5,2.25,2.2,0,16,34,1,1,4.23410650459726
3.5,4.25,3.8,3.1666666666666665,3.25,2.4,0,2,46,1,2,5.953243334287785
3.0,1.75,3.2,2.6666666666666665,1.0,1.2,0,5,36,0,2,6.551080335043404
3.25,3.5,3.8,3.8333333333333335,3.5,3.4,0,7,35,1,1,6.368187186350492
4.0,3.75,2.4,2.6666666666666665,4.25,4.0,0,7,44,1,3,4.204692619390966
1.5,3.25,3.8,4.5,2.5,2.8,0,16,48,0,2,5.998936561946683
1.25,1.0,2.8,1.6666666666666667,2.75,2.0,0,2,58,0,2,7.01571242048723
3.0,3.75,3.0,2.8333333333333335,3.0,2.0,1,7,28,0,4,5.181783550292085
1.25,2.25,3.2,2.3333333333333335,2.75,2.2,0,12,27,0,2,4.31748811353631
3.0,3.5,3.6,3.1666666666666665,3.5,2.4,0,17,43,1,2,4.962844630259907
2.0,3.5,2.2,2.1666666666666665,3.25,1.0,0,18,43,0,3,5.634789603169249
2.75,4.0,3.8,4.666666666666667,3.0,1.8,1,12,24,0,4,3.9318256327243257
2.5,3.25,4.0,2.0,2.5,3.8,0,6,31,1,2,3.4339872044851463
1.75,4.0,3.0,2.6666666666666665,2.25,2.4,0,4,26,0,4,3.044522437723423
2.75,2.5,3.4,3.8333333333333335,4.0,2.8,1,4,29,1,2,4.836281906951478
3.5,3.5,4.0,3.1666666666666665,4.5,3.8,0,12,26,0,2,5.214935757608986
2.0,4.25,2.4,2.0,3.5,3.6,1,14,40,0,2,7.306531398939505
2.5,2.75,4.2,4.666666666666667,3.25,1.8,0,2,42,1,3,5.831882477283517
2.0,1.25,4.2,1.8333333333333333,1.5,2.2,0,15,30,0,2,5.87493073085203
3.5,3.25,3.2,4.0,3.25,3.2,0,8,27,1,2,4.204692619390966
2.5,3.5,3.2,2.0,4.25,3.2,0,3,42,1,1,6.823286122355687
2.25,4.75,3.0,4.333333333333333,4.5,3.4,1,7,41,1,3,7.303843225277705
2.25,2.75,1.8,4.166666666666667,3.0,3.4,1,10,39,0,2,5.1298987149230735
2.25,4.0,1.8,3.6666666666666665,4.0,4.2,0,10,40,1,4,5.963579343618446
3.0,2.25,3.4,3.3333333333333335,4.75,2.8,0,12,56,1,2,6.063785208687608
4.75,4.0,2.0,3.6666666666666665,4.5,4.2,0,3,37,1,2,6.513230110912307
3.0,3.5,3.6,3.0,4.75,4.2,1,3,41,1,2,4.48863636973214
2.75,3.0,2.8,2.1666666666666665,3.5,3.6,0,6,39,1,4,6.5998704992128365
2.5,2.75,2.0,1.5,3.75,3.0,0,7,41,1,2,5.298317366548036
4.25,2.25,4.0,3.8333333333333335,4.75,2.6,0,2,44,0,2,5.493061443340548
3.0,2.75,3.6,3.3333333333333335,1.75,3.4,1,11,38,1,2,5.916202062607435
3.25,3.25,2.6,2.1666666666666665,2.75,2.8,0,20,45,1,2,4.219507705176107
2.5,4.75,2.2,2.0,2.75,2.8,0,14,31,1,2,6.665683717782408
3.75,2.5,2.8,3.8333333333333335,3.5,3.4,0,11,41,1,1,6.345636360828596
1.75,3.5,4.0,3.3333333333333335,1.75,1.4,0,5,30,1,3,4.356708826689592
4.25,2.75,3.0,2.1666666666666665,2.5,2.8,0,7,47,0,1,3.2188758248682006
2.5,2.75,2.8,2.3333333333333335,3.25,3.2,0,3,26,0,2,7.534228326274089
2.5,3.25,4.4,2.6666666666666665,3.0,3.0,1,5,53,1,2,5.342334251964811
3.0,3.0,2.4,1.5,3.25,2.2,0,4,34,1,2,4.430816798843313
3.75,5.0,3.4,3.6666666666666665,2.75,4.2,1,11,36,1,2,4.356708826689592
1.5,2.0,2.0,1.3333333333333333,3.0,2.0,0,15,48,0,3,4.356708826689592
3.0,2.5,3.6,3.0,1.75,1.4,0,7,29,1,1,3.332204510175204
3.5,3.0,4.2,3.3333333333333335,1.5,2.0,0,18,47,1,2,4.727387818712341
1.5,2.25,2.4,2.5,4.0,3.6,0,8,33,1,4,6.240275845170769
3.0,3.25,3.0,3.1666666666666665,3.75,1.6,0,4,38,0,2,6.248042874508429
3.75,2.0,4.4,3.0,3.25,3.0,0,8,51,1,2,5.225746673713202
3.25,1.75,2.4,3.1666666666666665,2.75,3.4,0,23,46,1,4,6.2422232654551655
2.75,4.0,1.4,2.6666666666666665,3.25,3.2,0,4,36,1,2,6.150602768446279
3.5,4.25,3.0,2.6666666666666665,2.75,1.6,1,6,35,1,2,5.198497031265826
3.0,3.75,4.0,4.333333333333333,4.5,3.4,0,5,48,0,3,3.713572066704308
3.5,2.25,3.6,3.1666666666666665,4.25,2.2,0,3,39,1,4,3.8066624897703196
3.25,2.5,3.2,2.3333333333333335,1.75,3.0,0,25,37,1,2,5.075173815233827
3.75,4.25,2.4,2.5,1.0,2.0,0,16,29,1,2,6.202535517187923
1.75,4.0,3.4,2.3333333333333335,2.5,3.6,0,2,35,1,1,6.612041034833092
5.0,3.5,3.6,3.3333333333333335,4.5,3.8,0,25,52,1,2,5.181783550292085
2.0,2.75,3.6,2.5,2.25,1.8,1,15,37,0,3,4.74493212836325
2.75,3.5,1.4,3.0,3.5,3.6,0,4,68,1,3,4.343805421853684
3.25,3.75,3.4,2.6666666666666665,3.0,4.0,1,10,46,1,3,5.099866427824199
2.5,3.0,3.8,3.6666666666666665,1.5,2.8,1,21,31,1,2,5.342334251964811
3.75,3.75,1.6,3.1666666666666665,4.75,4.4,1,17,40,1,1,3.091042453358316
1.25,3.0,1.6,1.5,2.25,3.0,1,5,29,1,2,4.605170185988092
2.25,2.5,4.0,2.5,3.5,2.6,1,10,55,0,2,5.472270673671475
3.25,1.75,3.8,4.333333333333333,3.75,2.8,1,7,35,1,1,3.58351893845611
2.25,4.25,2.8,3.1666666666666665,2.25,3.6,1,4,43,1,1,5.407171771460119
1.0,2.5,3.0,1.1666666666666667,4.0,2.6,0,12,46,0,3,6.1092475827643655
3.0,4.5,4.0,3.8333333333333335,3.5,2.0,0,6,51,1,2,5.598421958998375
3.5,3.5,3.4,4.5,3.0,2.8,0,13,37,1,4,5.424950017481403
3.25,2.75,3.6,4.833333333333333,2.0,2.0,1,10,40,0,3,4.709530201312334
2.0,3.75,3.6,2.1666666666666665,4.0,1.4,1,6,51,1,3,5.049856007249537
3.5,2.75,3.6,2.1666666666666665,2.75,3.6,0,5,43,1,1,6.401917196727186
3.0,2.5,1.8,3.3333333333333335,3.0,2.4,0,11,49,1,3,5.153291594497779
3.75,3.5,2.2,1.3333333333333333,3.0,3.0,0,13,56,0,2,4.48863636973214
3.75,2.5,3.0,4.333333333333333,2.5,2.8,0,11,52,0,2,5.541263545158426
3.0,1.75,3.4,2.5,2.75,2.8,0,19,42,1,3,3.970291913552122
4.5,3.75,4.6,3.6666666666666665,2.5,2.6,0,7,54,1,3,5.855071922202427
2.75,2.5,3.2,2.6666666666666665,4.0,2.8,0,3,48,1,2,1.9459101490553132
2.75,3.25,1.8,3.6666666666666665,3.5,1.8,1,12,32,0,3,5.6240175061873385
1.75,3.25,3.0,2.8333333333333335,2.0,1.6,1,8,46,1,2,7.739794458408701
2.0,2.0,3.2,2.1666666666666665,3.0,4.4,0,17,57,1,4,5.43372200355424
3.5,2.25,2.4,3.3333333333333335,4.5,3.2,0,14,51,1,3,4.204692619390966
3.75,2.75,2.0,2.6666666666666665,4.75,3.6,0,17,48,1,3,6.610696044717759
3.0,5.0,3.0,3.1666666666666665,2.0,2.0,1,22,47,1,2,6.19644412779452
2.25,3.0,3.2,3.5,1.75,1.8,0,7,35,0,3,4.919980925828125
2.25,3.25,3.2,3.0,2.5,1.6,0,16,56,0,2,5.389071729816501
3.25,5.0,3.0,3.5,2.0,2.0,0,11,44,1,3,7.134890851565884
3.0,3.25,2.8,3.6666666666666665,3.0,2.2,1,11,24,1,2,6.133398042996649
2.5,3.5,4.4,3.0,2.0,3.8,0,6,58,1,2,5.602118820879701
1.75,1.75,4.0,3.8333333333333335,2.5,2.2,0,9,46,0,3,4.110873864173311
3.25,2.75,2.4,2.0,2.0,1.8,0,8,41,1,3,5.616771097666572
2.75,4.5,2.0,2.8333333333333335,2.75,1.8,1,17,30,1,3,4.02535169073515
3.25,4.75,2.8,3.5,4.0,2.2,1,5,46,1,2,6.075346031088684
3.0,3.5,3.2,2.1666666666666665,2.5,2.6,0,4,42,0,3,5.910796644040527
2.0,2.0,4.2,5.0,2.25,1.6,0,9,48,1,2,5.37989735354046
1.75,3.25,1.4,1.8333333333333333,5.0,3.6,0,11,25,1,3,3.6888794541139363
1.25,2.0,2.2,2.5,2.5,2.6,1,9,39,1,3,7.254177846456518
2.25,3.75,3.6,3.3333333333333335,3.5,4.2,1,19,47,1,2,5.517452896464707
2.0,2.0,3.0,2.5,2.0,1.8,0,20,23,1,2,5.655991810819852
3.75,4.25,3.2,3.5,2.25,2.4,0,6,22,0,3,4.867534450455582
1.75,3.25,3.6,2.0,3.25,3.6,0,8,57,1,3,5.932245187448011
2.75,2.5,4.0,3.5,3.75,3.4,0,8,50,1,4,6.38856140554563
4.0,5.0,2.2,4.333333333333333,4.75,4.0,0,6,53,1,2,4.6913478822291435
1.75,3.25,3.6,3.6666666666666665,3.0,2.2,0,6,43,1,3,5.147494476813453
3.25,4.0,3.8,3.5,3.5,1.8,1,4,51,1,2,5.602118820879701
1.75,3.5,2.6,2.0,4.5,3.8,0,7,29,1,2,4.969813299576001
3.0,3.25,2.8,2.8333333333333335,3.75,3.0,1,17,41,1,2,5.41610040220442
3.5,4.25,5.0,3.6666666666666665,2.0,1.2,1,13,35,1,2,6.805722553416985
3.75,4.25,3.0,3.3333333333333335,3.5,3.4,0,5,33,1,2,7.513163545234075
2.0,2.0,4.2,2.3333333333333335,2.25,3.0,0,7,31,1,4,2.1972245773362196
2.75,3.0,3.8,3.0,2.5,2.0,0,8,48,1,2,4.442651256490317
3.75,3.0,1.6,1.6666666666666667,4.0,3.0,0,15,25,1,3,6.714170529909472
3.5,1.75,2.6,2.3333333333333335,2.5,3.4,0,19,42,1,3,5.2574953720277815
3.5,4.25,3.6,3.1666666666666665,4.0,2.8,0,7,62,1,3,4.74493212836325
2.5,1.5,2.4,2.0,3.0,1.4,0,13,42,1,3,4.812184355372417
4.75,4.25,4.2,4.666666666666667,3.5,1.8,1,20,40,0,3,5.3981627015177525
4.0,3.0,3.0,4.5,2.75,2.8,0,3,30,1,4,4.955827057601261
2.5,4.25,3.6,4.333333333333333,2.75,1.2,1,5,40,1,3,4.700480365792417
1.75,1.75,2.2,2.3333333333333335,4.0,3.0,1,24,46,0,2,6.249975242259483
2.25,3.25,3.0,3.1666666666666665,2.5,2.8,0,4,31,1,1,5.700443573390687
1.75,3.5,2.2,1.3333333333333333,2.0,2.0,1,9,48,1,4,6.628041376179533
2.75,1.5,3.4,4.5,1.75,1.4,0,4,40,1,1,4.969813299576001
3.0,3.5,3.2,3.8333333333333335,4.75,2.0,0,4,40,0,3,5.69035945432406
2.5,4.0,3.4,3.6666666666666665,3.25,2.4,1,3,36,1,2,6.0844994130751715
1.25,4.0,3.8,3.8333333333333335,2.5,2.4,0,2,35,0,3,3.7612001156935624
2.75,1.25,3.6,1.1666666666666667,2.25,2.0,0,6,39,1,3,6.285998094508865
3.5,4.25,3.6,3.3333333333333335,3.0,2.4,0,8,26,1,3,4.969813299576001
2.0,2.0,4.0,2.1666666666666665,3.0,1.6,1,2,43,1,3,5.8522024797744745
4.0,2.75,3.0,1.5,3.25,3.0,1,6,36,1,3,6.3835066348840055
3.0,4.5,3.8,1.3333333333333333,2.75,2.4,0,5,39,1,3,4.356708826689592
1.25,2.5,2.2,2.0,4.5,3.4,1,4,33,1,3,5.111987788356544
2.75,3.75,1.2,3.0,2.5,1.8,1,11,37,1,2,5.823045895483019
4.5,3.25,2.2,3.8333333333333335,4.0,3.2,1,18,38,1,3,3.5553480614894135
2.0,1.5,3.8,2.5,4.0,1.6,1,9,33,0,2,5.71042701737487
2.25,4.5,3.4,3.0,3.0,1.6,1,22,33,0,2,5.220355825078324
2.0,3.75,3.6,3.5,4.25,4.4,0,8,42,0,2,4.990432586778736
3.75,3.5,4.0,4.833333333333333,3.0,1.4,0,13,45,1,2,5.7430031878094825
4.0,5.0,2.6,4.0,2.25,3.0,1,7,44,0,1,4.174387269895637
3.5,2.75,4.6,3.5,2.25,1.0,0,6,21,1,2,6.3818160174060985
3.75,4.5,4.0,4.0,4.25,3.2,1,11,54,1,3,4.927253685157205
2.0,2.5,2.6,3.0,2.75,1.2,0,8,36,0,3,7.3777589082278725
1.5,4.0,4.2,3.1666666666666665,1.75,1.6,1,16,27,1,3,5.4638318050256105
2.5,4.5,3.6,3.8333333333333335,2.0,3.0,1,12,41,1,3,5.968707559985366
2.25,3.0,3.4,2.8333333333333335,4.0,3.8,1,10,28,0,2,5.337538079701318
3.5,4.0,3.4,4.166666666666667,5.0,4.0,1,14,40,0,2,6.220590170099739
3.0,2.75,3.0,2.8333333333333335,1.0,1.2,1,8,55,0,2,5.529429087511423
1.5,2.75,3.6,3.0,1.75,1.6,0,4,63,0,3,5.159055299214529
3.25,3.75,3.8,4.0,3.0,2.6,1,13,50,1,3,5.198497031265826
2.25,3.75,2.4,2.6666666666666665,2.25,3.0,0,16,49,1,1,4.543294782270004
2.75,4.25,3.8,4.166666666666667,3.5,3.0,1,11,46,1,1,5.517452896464707
3.0,2.0,1.6,2.6666666666666665,2.75,4.6,1,25,38,1,3,5.762051382780177
1.75,2.5,2.6,3.0,2.0,2.0,0,18,48,0,4,6.591673732008658
3.5,4.75,4.2,4.166666666666667,3.0,3.6,0,6,41,1,3,5.393627546352362
4.0,3.25,3.0,3.6666666666666665,4.5,3.6,0,1,46,0,2,4.867534450455582
1.25,3.0,2.4,2.5,2.25,2.6,1,1,38,1,2,5.267858159063328
2.0,3.0,3.2,2.5,3.5,3.8,0,12,30,1,2,4.6913478822291435
2.75,2.5,2.6,1.5,3.25,2.2,0,13,50,1,3,3.784189633918261
1.75,3.5,4.4,4.166666666666667,2.75,2.4,1,4,50,1,1,5.497168225293202
3.5,3.25,2.6,3.8333333333333335,2.5,2.0,1,6,32,0,2,6.1463292576688975
1.5,1.5,4.4,2.3333333333333335,2.0,2.0,1,19,51,1,2,4.532599493153256
3.25,4.0,3.2,3.8333333333333335,4.5,3.4,1,15,44,1,3,3.332204510175204
3.5,3.75,2.4,3.6666666666666665,3.25,3.0,1,9,43,1,2,3.713572066704308
4.25,5.0,4.4,2.8333333333333335,2.0,2.2,1,12,38,1,3,6.466144724237619
3.0,3.0,2.6,3.1666666666666665,3.5,3.2,1,8,30,1,2,5.831882477283517
3.25,3.25,4.6,2.0,4.25,3.2,0,2,41,1,3,5.3706380281276624
3.25,3.5,3.4,3.3333333333333335,3.5,3.0,1,11,41,1,3,4.127134385045092
1.75,2.25,3.0,2.8333333333333335,3.25,3.4,0,4,41,1,3,6.148468295917647
3.0,2.5,3.2,2.3333333333333335,2.5,2.2,0,12,41,1,1,5.762051382780177
1.75,3.25,1.6,3.0,4.75,3.8,1,7,44,1,3,5.783825182329737
2.0,2.5,3.0,2.5,2.25,3.6,0,8,55,1,4,5.318119993844216
3.0,4.25,3.8,2.5,3.25,2.8,0,14,52,1,2,6.385194398997726
3.0,2.25,3.8,2.8333333333333335,2.25,2.4,0,6,31,1,2,5.488937726156687
4.75,2.75,3.0,4.0,2.75,3.8,0,6,41,1,4,4.219507705176107
1.5,2.75,2.8,3.3333333333333335,4.25,2.8,0,12,33,1,3,5.407171771460119
2.75,4.0,4.0,4.5,4.0,1.8,1,15,45,1,2,7.404279118037268
3.5,3.0,4.2,3.3333333333333335,3.0,3.0,1,14,40,1,1,5.247024072160486
4.25,3.25,1.8,2.8333333333333335,2.0,2.4,0,4,52,0,3,5.755742213586912
3.25,3.0,3.2,2.1666666666666665,1.75,2.0,1,6,40,1,2,4.477336814478207
2.75,4.25,1.4,3.3333333333333335,3.25,3.0,1,12,42,1,2,6.416732282512326
3.5,2.75,3.0,3.5,3.0,3.4,1,16,31,0,3,5.537334267018537
2.25,2.25,2.6,2.0,2.25,3.2,0,11,20,0,3,4.844187086458591
1.75,3.75,3.0,3.8333333333333335,2.5,2.0,1,9,38,1,3,5.976350909297934
2.0,1.75,3.2,1.6666666666666667,3.0,4.2,0,14,29,0,2,6.021023349349527
3.5,3.25,2.6,2.3333333333333335,4.75,4.0,0,9,29,1,2,6.218600119691729
3.5,3.0,3.0,3.1666666666666665,3.0,3.4,1,1,52,1,2,5.480638923341991
2.75,4.0,3.8,3.6666666666666665,2.0,1.4,1,10,46,1,2,4.290459441148391
3.0,3.0,3.4,3.0,4.25,3.8,0,11,42,1,2,4.867534450455582
2.75,4.0,3.6,3.8333333333333335,2.0,2.0,1,9,36,1,2,5.961005339623274
1.5,3.25,3.2,3.6666666666666665,4.25,2.0,1,16,50,0,3,4.804021044733257
2.75,3.5,3.2,3.1666666666666665,3.5,3.4,1,13,36,0,3,5.537334267018537
2.75,2.5,3.2,2.6666666666666665,2.25,2.8,0,6,47,0,1,5.159055299214529
2.75,3.75,3.0,4.0,1.75,1.4,1,7,38,0,2,3.6635616461296463
1.75,2.5,3.0,2.1666666666666665,2.5,1.6,0,7,33,0,1,5.598421958998375
2.25,2.25,3.0,1.3333333333333333,3.5,3.0,0,10,45,0,1,5.298317366548036
3.0,4.75,4.0,4.666666666666667,2.25,1.8,1,7,42,1,1,5.313205979041787
4.25,3.25,2.8,3.8333333333333335,2.5,2.8,1,5,40,0,2,6.352629396319567
2.75,4.25,4.8,3.3333333333333335,2.75,2.6,0,7,42,1,2,4.007333185232471
