firm,industry,year,ROA,SIZE,LEV,GROWTH,CFO,COVID,ASSETS,SALES,LN_SALES,LEV_COVID,ROA_LAG
1,Auto,1392,0.00463,12.81113,0.72895,0.1205,0.1434,0,366272.3198,257812.23206,12.45999,0.0,
1,Auto,1393,-0.0104,13.01938,0.66483,-0.25745,0.0636,0,451070.98048,527955.23806,13.17677,0.0,0.00463
1,Auto,1394,0.01487,13.11231,0.609,0.22503,0.04105,0,494998.49595,363366.72768,12.80317,0.0,-0.0104
1,Auto,1395,0.04832,13.11087,0.69052,0.23827,0.09046,0,494287.05192,440393.84865,12.99542,0.0,0.01487
1,Auto,1396,-0.00628,13.16184,0.6336,0.03429,0.05663,0,520130.85618,453382.94422,13.02449,0.0,0.04832
1,Auto,1397,-0.002,13.22738,0.62712,0.3738,-0.05565,0,555366.66908,395376.79622,12.88759,0.0,-0.00628
1,Auto,1398,0.03647,13.41367,0.66873,0.48778,0.2208,0,669087.59606,384544.15753,12.85981,0.0,-0.002
1,Auto,1399,-0.06025,13.35444,0.66217,0.45036,0.01653,1,630609.69991,672020.72309,13.41804,0.66217,0.03647
1,Auto,1400,-0.00467,13.46793,0.63591,0.16795,0.07662,1,706396.19345,763836.84359,13.54611,0.63591,-0.06025
1,Auto,1401,-0.00824,13.36315,0.60983,0.07104,0.04221,1,636124.4047,434171.07595,12.98119,0.60983,-0.00467
2,Pharma,1392,0.0358,13.32427,0.75852,0.07488,0.12765,0,611866.25871,494778.40683,13.11187,0.0,
2,Pharma,1393,0.1012,13.55995,0.6174,-0.0251,0.2155,0,774482.39968,633092.16609,13.35837,0.0,0.0358
2,Pharma,1394,0.00733,13.5307,0.65421,0.25333,0.05626,0,752157.91965,628875.93181,13.35169,0.0,0.1012
2,Pharma,1395,0.04227,13.50819,0.68231,0.44386,0.13464,0,735413.6951,553364.30495,13.22377,0.0,0.00733
2,Pharma,1396,0.05851,13.59237,0.6783,0.11428,0.17031,0,800001.30604,751049.6873,13.52923,0.0,0.04227
2,Pharma,1397,0.05789,13.71272,0.6085,0.16875,0.07503,0,902312.42441,853954.1959,13.65763,0.0,0.05851
2,Pharma,1398,0.02668,13.64364,0.61308,0.30756,0.07192,0,842086.17636,824056.00678,13.62199,0.0,0.05789
2,Pharma,1399,-0.00297,13.7662,0.75769,0.10794,0.10204,1,951886.26215,852600.93537,13.65605,0.75769,0.02668
2,Pharma,1400,0.02807,13.77717,0.67846,0.31036,0.07343,1,962386.85852,851968.4233,13.6553,0.67846,-0.00297
2,Pharma,1401,-0.00326,13.96127,0.70026,0.39359,0.10665,1,1156916.62928,746683.875,13.5234,0.70026,0.02807
3,Food,1392,0.04378,13.81546,0.55838,0.08778,0.06703,0,999954.33091,1485231.3925,14.21108,0.0,
3,Food,1393,0.058,13.87071,0.5507,0.27605,0.09551,0,1056753.14712,1507252.18042,14.2258,0.0,0.04378
3,Food,1394,0.01953,13.95098,0.568,0.05348,0.11237,0,1145078.58964,947710.60865,13.7618,0.0,0.058
3,Food,1395,0.08371,14.14861,0.52876,0.27468,0.0366,0,1395283.52552,1188184.33139,13.98794,0.0,0.01953
3,Food,1396,0.08182,14.26628,0.43783,0.07379,0.15933,0,1569522.90241,1943956.71869,14.48024,0.0,0.08371
3,Food,1397,0.04875,14.27369,0.45404,0.07754,0.04326,0,1581187.21501,770369.09468,13.55463,0.0,0.08182
3,Food,1398,0.09821,14.31653,0.48111,0.11984,0.08274,0,1650405.6628,913259.07727,13.72477,0.0,0.04875
3,Food,1399,0.00713,14.32281,0.52768,0.09169,0.09695,1,1660799.4258,1463384.46835,14.19626,0.52768,0.09821
3,Food,1400,0.09189,14.29924,0.54368,0.43665,0.10569,1,1622114.7151,1461445.14313,14.19494,0.54368,0.00713
3,Food,1401,0.05963,14.45221,0.55507,-0.08779,0.07319,1,1890238.0835,1675188.35858,14.33144,0.55507,0.09189
4,Metal,1392,0.00142,12.43802,0.73679,0.31209,0.07259,0,252209.95819,264400.43392,12.48522,0.0,
4,Metal,1393,0.0272,12.43087,0.74889,0.30429,0.12109,0,250414.44732,223385.92214,12.31666,0.0,0.00142
4,Metal,1394,0.01207,12.4052,0.72016,0.3979,0.14851,0,244068.26951,177944.52014,12.08923,0.0,0.0272
4,Metal,1395,-0.0209,12.60486,0.70643,0.34451,-0.01341,0,298003.51528,214985.29024,12.27832,0.0,0.01207
4,Metal,1396,-0.01417,12.58864,0.73176,-0.04511,0.12594,0,293208.26149,239040.82886,12.38439,0.0,-0.0209
4,Metal,1397,0.00977,12.75553,0.63917,0.32874,0.10776,0,346463.28494,445092.96847,13.00604,0.0,-0.01417
4,Metal,1398,0.01727,12.79459,0.69161,0.00954,0.08805,0,360262.51478,377120.21818,12.84032,0.0,0.00977
4,Metal,1399,-0.03005,12.82989,0.68836,-0.07489,0.15269,1,373208.86711,273131.14186,12.51771,0.68836,0.01727
4,Metal,1400,-0.06107,12.99118,0.72112,0.17319,0.05899,1,438529.78051,381233.25991,12.85117,0.72112,-0.03005
4,Metal,1401,-0.01061,12.89429,0.72211,0.22243,0.1093,1,398032.53395,419371.61413,12.94651,0.72211,-0.06107
5,Chem,1392,0.07919,14.18391,0.73476,0.10929,0.22394,0,1445421.58298,1650625.99724,14.31667,0.0,
5,Chem,1393,-0.03552,14.38055,0.7464,-0.08379,0.0764,0,1759523.34378,1118440.40998,13.92745,0.0,0.07919
5,Chem,1394,0.00139,14.38529,0.7433,-0.13421,0.0991,0,1767882.81011,1852172.98191,14.43187,0.0,-0.03552
5,Chem,1395,0.02736,14.68224,0.74966,0.28697,0.0793,0,2379109.97025,1997873.71331,14.50759,0.0,0.00139
5,Chem,1396,0.02516,14.59986,0.72659,0.15559,0.13107,0,2190983.03383,1804631.19168,14.40587,0.0,0.02736
5,Chem,1397,0.05144,14.6561,0.73774,0.12521,0.05977,0,2317735.09075,2042255.87995,14.52957,0.0,0.02516
5,Chem,1398,0.07133,14.64708,0.67783,0.11848,0.17843,0,2296928.47338,3304395.12349,15.01076,0.0,0.05144
5,Chem,1399,0.02108,14.62578,0.74068,0.30617,0.08259,1,2248508.59899,2300230.27863,14.64852,0.74068,0.07133
5,Chem,1400,0.06836,14.7953,0.69364,0.22078,0.24486,1,2663884.75021,2893403.34283,14.87794,0.69364,0.02108
5,Chem,1401,-0.04071,14.78081,0.734,0.19842,0.03215,1,2625564.4504,2386589.93599,14.68538,0.734,0.06836
6,Auto,1392,0.07437,14.81041,0.40901,0.18952,0.04067,0,2704450.15298,1662853.91249,14.32405,0.0,
6,Auto,1393,0.07273,14.74525,0.39978,0.38877,0.15146,0,2533857.6501,1804875.63844,14.406,0.0,0.07437
6,Auto,1394,0.15331,14.85482,0.50764,0.50487,0.21324,0,2827275.08914,3329062.83933,15.0182,0.0,0.07273
6,Auto,1395,0.13061,14.98054,0.46979,0.46227,0.01443,0,3206017.21768,2833318.18782,14.85696,0.0,0.15331
6,Auto,1396,0.07983,14.86297,0.4495,0.15868,-0.00929,0,2850391.38413,3456287.69059,15.05571,0.0,0.13061
6,Auto,1397,0.09233,14.95882,0.50748,0.24138,0.1243,0,3137131.41207,4170882.54274,15.24364,0.0,0.07983
6,Auto,1398,0.1407,15.18576,0.42365,0.12953,0.09977,0,3936321.75899,1893285.05315,14.45382,0.0,0.09233
6,Auto,1399,0.06616,15.12295,0.41213,0.02578,-0.04674,1,3696689.2302,1898346.73024,14.45649,0.41213,0.1407
6,Auto,1400,0.11528,15.36696,0.49175,-0.20596,0.1789,1,4718294.66938,3433713.32062,15.04915,0.49175,0.06616
6,Auto,1401,0.12285,15.30929,0.50654,0.01654,0.07475,1,4453913.91299,4373499.13354,15.29107,0.50654,0.11528
7,Pharma,1392,0.11276,16.37005,0.43052,-0.17868,0.06491,0,12865315.29375,12549122.58663,16.34516,0.0,
7,Pharma,1393,0.15841,16.37958,0.37764,0.02456,0.13672,0,12988505.27851,12553274.93205,16.34549,0.0,0.11276
7,Pharma,1394,0.07727,16.45002,0.49288,-0.02666,0.09922,0,13936438.14853,15348552.81106,16.54653,0.0,0.15841
7,Pharma,1395,0.14311,16.46754,0.39713,0.37807,0.1214,0,14182811.3977,25704496.21243,17.06218,0.0,0.07727
7,Pharma,1396,0.11586,16.58397,0.45915,0.15416,0.16789,0,15934110.58364,16176802.15469,16.59909,0.0,0.14311
7,Pharma,1397,0.059,16.68462,0.46726,0.01678,0.12613,0,17621232.44181,19504696.82765,16.78617,0.0,0.11586
7,Pharma,1398,0.17129,16.75328,0.49783,0.124,0.24734,0,18873716.04475,18708608.74778,16.74449,0.0,0.059
7,Pharma,1399,0.01678,16.91207,0.42117,-0.01748,0.06804,1,22121607.98015,23874514.36724,16.98832,0.42117,0.17129
7,Pharma,1400,0.13168,16.72626,0.39857,0.27313,0.16985,1,18370495.73269,18804954.88318,16.74963,0.39857,0.01678
7,Pharma,1401,0.12819,16.9498,0.43505,0.16582,0.10007,1,22972358.21342,29277035.36487,17.19231,0.43505,0.13168
8,Food,1392,0.00475,12.87387,0.45595,-0.03037,0.01948,0,389987.09886,273417.22444,12.51875,0.0,
8,Food,1393,0.00931,13.07231,0.41849,0.08235,-0.00485,0,475587.2094,505154.02549,13.13262,0.0,0.00475
8,Food,1394,0.03381,13.18953,0.41911,0.06861,0.04775,0,534735.77609,512960.84196,13.14795,0.0,0.00931
8,Food,1395,0.05371,13.28076,0.46191,0.31678,0.05118,0,585815.95924,410112.67548,12.92419,0.0,0.03381
8,Food,1396,0.05673,13.16668,0.50878,0.37458,0.17734,0,522656.0506,392546.55527,12.88041,0.0,0.05371
8,Food,1397,0.06207,13.37653,0.43636,0.34185,0.06792,0,644692.96505,703348.31213,13.46361,0.0,0.05673
8,Food,1398,0.17348,13.36172,0.38778,0.42213,0.27307,0,635217.07583,430198.72933,12.972,0.0,0.06207
8,Food,1399,0.01661,13.45903,0.45304,0.06692,0.04916,1,700135.63249,452211.44798,13.02191,0.45304,0.17348
8,Food,1400,0.02272,13.63442,0.48127,0.47354,0.05241,1,834363.6875,497245.59142,13.11684,0.48127,0.01661
8,Food,1401,0.02878,13.60389,0.4241,0.19034,0.11377,1,809268.48586,710061.74699,13.47311,0.4241,0.02272
9,Metal,1392,0.05815,13.04094,0.43538,0.11684,0.06033,0,460903.55476,375039.22392,12.83479,0.0,
9,Metal,1393,0.06206,13.02398,0.34642,0.16863,0.03499,0,453151.73133,322286.30436,12.6832,0.0,0.05815
9,Metal,1394,0.04245,13.10661,0.49416,-0.06028,0.13223,0,492182.67164,365140.36659,12.80804,0.0,0.06206
9,Metal,1395,0.06876,13.19143,0.41979,0.20868,0.00915,0,535754.07149,311672.29093,12.64971,0.0,0.04245
9,Metal,1396,0.1534,13.3357,0.45179,0.58519,0.18382,0,618901.01686,444597.96766,13.00493,0.0,0.06876
9,Metal,1397,0.06426,13.34201,0.43112,0.24811,0.10695,0,622816.48802,637165.85211,13.36479,0.0,0.1534
9,Metal,1398,0.08089,13.30627,0.43886,0.20578,0.11411,0,600949.10263,555106.58199,13.22692,0.0,0.06426
9,Metal,1399,0.05703,13.35084,0.39069,0.1284,0.09665,1,628338.93669,496093.8381,13.11452,0.39069,0.08089
9,Metal,1400,0.08863,13.62194,0.41091,-0.04548,0.16348,1,824013.97999,627294.2886,13.34917,0.41091,0.05703
9,Metal,1401,-0.00211,13.53909,0.41312,0.25732,0.05036,1,758491.6099,1113593.44666,13.9231,0.41312,0.08863
10,Chem,1392,0.04654,14.54967,0.52709,0.19754,0.03855,0,2083724.0558,2591730.72239,14.76784,0.0,
10,Chem,1393,0.08675,14.68099,0.58968,0.23203,0.0959,0,2376133.49005,1852840.61673,14.43223,0.0,0.04654
10,Chem,1394,0.10136,14.75936,0.60295,0.43,0.17669,0,2569857.69765,2907944.90969,14.88296,0.0,0.08675
10,Chem,1395,0.06637,14.76276,0.65362,0.03192,0.0693,0,2578612.9276,3079012.36126,14.94012,0.0,0.10136
10,Chem,1396,0.03457,14.80701,0.59941,0.18818,0.10607,0,2695284.31845,2252228.33559,14.62743,0.0,0.06637
10,Chem,1397,0.08388,15.00417,0.61735,0.37554,0.0257,0,3282692.56552,2001732.87341,14.50952,0.0,0.03457
10,Chem,1398,0.09937,15.04777,0.60525,-0.03135,0.1155,0,3428971.16314,3658489.13265,15.11256,0.0,0.08388
10,Chem,1399,0.10502,14.99856,0.6203,0.36094,0.13232,1,3264329.35157,2347708.38381,14.66895,0.6203,0.09937
10,Chem,1400,0.08721,15.15024,0.57562,0.17824,0.11075,1,3798981.80607,3258807.34243,14.99687,0.57562,0.10502
10,Chem,1401,0.06822,15.31674,0.59675,0.35003,0.16792,1,4487199.91405,3026167.55343,14.92281,0.59675,0.08721
11,Auto,1392,0.00758,15.95627,0.684,0.21144,0.10023,0,8505895.98383,14431039.27342,16.48489,0.0,
11,Auto,1393,0.1412,15.82925,0.65081,0.21464,0.14643,0,7491253.78011,5417455.92193,15.50514,0.0,0.00758
11,Auto,1394,0.06125,16.03009,0.66195,0.11484,0.17086,0,9157596.10148,6660928.47537,15.71177,0.0,0.1412
11,Auto,1395,0.06241,15.97148,0.6682,0.09509,0.0465,0,8636248.11173,10312994.4485,16.14892,0.0,0.06125
11,Auto,1396,0.07401,16.07204,0.64319,0.29904,0.02829,0,9549873.2708,8872608.2834,15.99848,0.0,0.06241
11,Auto,1397,0.01271,16.06943,0.63585,0.47382,0.0354,0,9524951.79068,7120571.3082,15.7785,0.0,0.07401
11,Auto,1398,0.03448,16.24064,0.54353,0.24212,-0.0512,0,11303667.41994,8832283.66597,15.99392,0.0,0.01271
11,Auto,1399,-0.01768,16.30723,0.6875,0.22952,0.04407,1,12081993.31241,14749712.95992,16.50673,0.6875,0.03448
11,Auto,1400,0.01591,16.24129,0.64417,0.18774,0.18274,1,11311074.79818,14773817.58557,16.50837,0.64417,-0.01768
11,Auto,1401,0.00069,16.40926,0.66788,0.09208,0.12948,1,13379783.35395,12704688.16403,16.35748,0.66788,0.01591
12,Pharma,1392,0.08664,14.3483,0.50319,0.16916,0.05402,0,1703678.11039,1597250.79585,14.28379,0.0,
12,Pharma,1393,0.07164,14.51972,0.44277,0.35818,0.10891,0,2022246.53591,1668432.08023,14.32739,0.0,0.08664
12,Pharma,1394,0.09848,14.6303,0.44525,0.19665,0.19678,0,2258695.6778,3054819.27475,14.93223,0.0,0.07164
12,Pharma,1395,0.05269,14.39326,0.41279,-0.03864,0.11847,0,1782021.51368,1461463.69051,14.19495,0.0,0.09848
12,Pharma,1396,-0.02809,14.5947,0.53435,0.16809,-0.04215,0,2179707.30304,2355827.14031,14.6724,0.0,0.05269
12,Pharma,1397,0.06818,14.60366,0.43252,0.054,0.13117,0,2199330.53195,1545017.90053,14.25055,0.0,-0.02809
12,Pharma,1398,0.1543,14.66015,0.43963,0.36262,0.20994,0,2327146.29752,1832778.88057,14.42134,0.0,0.06818
12,Pharma,1399,0.07178,14.89965,0.35765,-0.03183,0.07224,1,2956893.87558,1425981.03587,14.17037,0.35765,0.1543
12,Pharma,1400,0.06981,14.90301,0.51292,0.00205,0.09345,1,2966855.0236,2078843.56021,14.54732,0.51292,0.07178
12,Pharma,1401,0.03127,14.9493,0.46279,0.20191,0.02535,1,3107410.31343,5151225.07905,15.45475,0.46279,0.06981
13,Food,1392,0.03424,13.09492,0.60605,0.13921,0.13846,0,486462.69889,460835.06369,13.0408,0.0,
13,Food,1393,0.07512,13.22104,0.6675,0.21278,0.146,0,551857.08402,438444.01853,12.99099,0.0,0.03424
13,Food,1394,0.04607,13.17904,0.62227,0.29463,0.16834,0,529157.14278,510679.98595,13.1435,0.0,0.07512
13,Food,1395,0.04073,13.25403,0.64094,0.07869,0.07222,0,570361.51748,474431.34502,13.06987,0.0,0.04607
13,Food,1396,0.02783,13.46094,0.58308,-0.06686,0.03142,0,701474.75414,622470.44216,13.34145,0.0,0.04073
13,Food,1397,0.02599,13.50656,0.61982,0.2833,0.12783,0,734218.37283,482671.22215,13.08709,0.0,0.02783
13,Food,1398,0.03633,13.72193,0.65438,0.30181,0.04029,0,910661.32526,1351149.07325,14.11647,0.0,0.02599
13,Food,1399,-0.0212,13.53639,0.72581,0.0089,0.1442,1,756449.8314,607496.55041,13.3171,0.72581,0.03633
13,Food,1400,0.01625,13.71167,0.65741,0.5017,0.11859,1,901369.898,983009.63729,13.79837,0.65741,-0.0212
13,Food,1401,-0.00439,13.78416,0.60691,0.14327,0.02418,1,969137.72668,1132471.62721,13.93991,0.60691,0.01625
14,Metal,1392,0.04344,13.46554,0.74947,0.20535,0.11641,0,704710.56006,613251.34425,13.32653,0.0,
14,Metal,1393,0.0049,13.38183,0.7513,0.16358,0.00023,0,648119.39498,859516.52265,13.66413,0.0,0.04344
14,Metal,1394,0.07209,13.51371,0.60517,-0.01723,0.01704,0,739482.94076,724990.56196,13.49391,0.0,0.0049
14,Metal,1395,0.02254,13.60945,0.68248,0.46919,0.04926,0,813785.22976,886132.07094,13.69462,0.0,0.07209
14,Metal,1396,0.04632,13.63074,0.70986,0.21073,0.04197,0,831291.49144,783880.80883,13.57201,0.0,0.02254
14,Metal,1397,0.08532,13.77551,0.75212,-0.06507,0.13078,0,960789.5135,845358.0423,13.64752,0.0,0.04632
14,Metal,1398,0.1286,13.68309,0.62886,0.17591,0.19979,0,875974.42817,997734.9913,13.81324,0.0,0.08532
14,Metal,1399,0.08645,13.91919,0.71313,0.3933,0.10184,1,1109242.98979,1007320.24155,13.8228,0.71313,0.1286
14,Metal,1400,0.02322,13.93426,0.66149,0.25597,0.12197,1,1126091.4847,985704.4814,13.80111,0.66149,0.08645
14,Metal,1401,0.06245,14.02345,0.58951,0.05368,0.05979,1,1231137.12691,679528.15136,13.42915,0.58951,0.02322
15,Chem,1392,0.06635,15.72028,0.71536,0.25304,0.07686,0,6717827.46593,6272049.61642,15.65161,0.0,
15,Chem,1393,0.06846,15.67417,0.73485,0.07181,0.17082,0,6415110.92127,4899433.92163,15.40463,0.0,0.06635
15,Chem,1394,0.05098,15.7219,0.75864,0.15572,0.16956,0,6728765.62428,4306750.08137,15.27569,0.0,0.06846
15,Chem,1395,-0.01505,15.68644,0.72584,-0.03456,-0.01466,0,6494343.7137,5690839.85388,15.55437,0.0,0.05098
15,Chem,1396,-0.01144,15.90448,0.66582,-0.0126,-0.044,0,8076626.46826,7289356.09411,15.80193,0.0,-0.01505
15,Chem,1397,0.04979,16.00064,0.77882,-0.12507,0.17057,0,8891826.52547,7052533.37443,15.7689,0.0,-0.01144
15,Chem,1398,0.06914,16.01714,0.71906,0.05867,0.18514,0,9039696.45442,7036023.71959,15.76655,0.0,0.04979
15,Chem,1399,-0.00574,16.08988,0.66081,0.01348,0.13899,1,9721818.23463,10041520.84694,16.12224,0.66081,0.06914
15,Chem,1400,0.06996,16.26448,0.68731,0.32096,0.09595,1,11576455.74536,7312796.85338,15.80514,0.68731,-0.00574
15,Chem,1401,0.03362,16.12795,0.65976,0.21163,0.0268,1,10098984.02179,9369754.46274,16.053,0.65976,0.06996
16,Auto,1392,0.05701,14.11678,0.50007,-0.01706,0.01786,0,1351578.1925,1357838.74945,14.1214,0.0,
16,Auto,1393,0.07691,14.12209,0.46687,0.10621,0.04817,0,1358767.16335,1263199.40379,14.04916,0.0,0.05701
16,Auto,1394,0.10691,14.13476,0.42577,0.03988,0.16596,0,1376099.53885,1170143.65548,13.97264,0.0,0.07691
16,Auto,1395,0.03073,14.20965,0.52739,-0.15443,0.03663,0,1483106.82813,1100462.39804,13.91124,0.0,0.10691
16,Auto,1396,0.09445,14.31491,0.49269,0.22657,0.10333,0,1647723.20429,1853771.13733,14.43273,0.0,0.03073
16,Auto,1397,0.04529,14.36587,0.43131,0.15883,0.04582,0,1733880.06833,2036910.42239,14.52694,0.0,0.09445
16,Auto,1398,0.07769,14.59354,0.39934,0.12634,0.07868,0,2177176.06805,2244321.45096,14.62391,0.0,0.04529
16,Auto,1399,0.08267,14.57776,0.4605,0.02331,0.12482,1,2143094.90531,3058135.64507,14.93332,0.4605,0.07769
16,Auto,1400,0.02518,14.67403,0.46599,0.27083,0.11749,1,2359676.27236,2300725.64648,14.64874,0.46599,0.08267
16,Auto,1401,0.03494,14.71912,0.48674,0.17483,0.11166,1,2468485.7806,2468418.34495,14.71909,0.48674,0.02518
17,Pharma,1392,0.06852,13.69725,0.64612,0.14015,0.17354,0,888463.39284,889149.36502,13.69802,0.0,
17,Pharma,1393,0.0541,13.86736,0.6255,0.26961,0.07759,0,1053221.52106,1001376.0479,13.81689,0.0,0.06852
17,Pharma,1394,0.10787,13.8407,0.61097,0.22608,0.12418,0,1025511.42638,967704.49367,13.78268,0.0,0.0541
17,Pharma,1395,0.03932,13.94358,0.62651,0.1969,-0.0219,0,1136626.3534,1220756.46881,14.01498,0.0,0.10787
17,Pharma,1396,0.02901,14.16231,0.59867,-0.09275,0.11595,0,1414538.15209,1268139.89387,14.05306,0.0,0.03932
17,Pharma,1397,0.00736,13.89237,0.60452,-0.13746,0.05737,0,1079886.62247,1141478.28781,13.94783,0.0,0.02901
17,Pharma,1398,0.06499,14.11196,0.63582,0.32608,0.0955,0,1345076.47862,1436081.6085,14.17743,0.0,0.00736
17,Pharma,1399,0.00199,14.22313,0.64674,0.35945,0.00432,1,1503237.89784,789202.87024,13.57878,0.64674,0.06499
17,Pharma,1400,0.06141,14.34024,0.57899,0.06429,0.15839,1,1690008.39898,2003243.9924,14.51028,0.57899,0.00199
17,Pharma,1401,0.00503,14.38403,0.64304,0.53841,0.07855,1,1765651.29132,1097235.10048,13.9083,0.64304,0.06141
18,Food,1392,0.00741,12.13172,0.44491,0.1416,0.07407,0,185668.39874,102650.88593,11.53909,0.0,
18,Food,1393,0.06339,12.16544,0.42435,0.50458,0.18306,0,192035.85389,185426.53985,12.13041,0.0,0.00741
18,Food,1394,0.03691,12.32482,0.47715,0.21581,0.07875,0,225217.34559,186803.40228,12.13781,0.0,0.06339
18,Food,1395,0.01662,12.29595,0.50055,0.13407,0.10877,0,218808.13873,219158.3549,12.29755,0.0,0.03691
18,Food,1396,0.02225,12.39849,0.39275,0.25419,0.02913,0,242436.06741,196963.43933,12.19077,0.0,0.01662
18,Food,1397,-0.00824,12.59312,0.45305,0.19511,-0.00467,0,294525.62844,201970.55331,12.21588,0.0,0.02225
18,Food,1398,0.04174,12.4852,0.42396,0.02148,0.11742,0,264395.97562,249458.90852,12.42705,0.0,-0.00824
18,Food,1399,0.04684,12.55438,0.48684,0.10555,0.20867,1,283332.49625,441042.53715,12.9969,0.48684,0.04174
18,Food,1400,0.01997,12.8276,0.50921,0.02295,0.13309,1,372353.78755,359106.36084,12.79137,0.50921,0.04684
18,Food,1401,-0.07091,12.74638,0.48762,0.43443,-0.03647,1,343306.76491,209139.15474,12.25076,0.48762,0.01997
19,Metal,1392,0.08294,15.32104,0.33532,0.01112,0.08004,0,4506539.446,2788842.0046,14.84114,0.0,
19,Metal,1393,0.10417,15.3572,0.34326,-0.03648,0.06989,0,4672492.70858,4386962.28926,15.29415,0.0,0.08294
19,Metal,1394,0.1143,15.2929,0.3976,0.14602,0.14348,0,4381502.88619,3719864.13469,15.1292,0.0,0.10417
19,Metal,1395,0.13693,15.44378,0.34189,-0.23892,0.18464,0,5095055.10065,5419922.12607,15.50559,0.0,0.1143
19,Metal,1396,0.07673,15.47515,0.38612,0.27251,0.12316,0,5257421.03379,4722012.642,15.36775,0.0,0.13693
19,Metal,1397,0.08392,15.52893,0.32183,0.0072,0.17811,0,5547902.34618,5309319.62177,15.48497,0.0,0.07673
19,Metal,1398,0.11478,15.60791,0.35792,0.25529,0.12057,0,6003812.40746,4964751.83356,15.41787,0.0,0.08392
19,Metal,1399,0.10568,15.59066,0.38223,0.09015,0.24209,1,5901164.36825,5182805.8379,15.46086,0.38223,0.11478
19,Metal,1400,0.1115,15.73036,0.41076,0.31928,0.10122,1,6785947.05153,6339967.17515,15.66238,0.41076,0.10568
19,Metal,1401,0.09047,15.96715,0.36719,0.30053,0.0587,1,8598916.76731,9058582.07441,16.01922,0.36719,0.1115
20,Chem,1392,0.1088,15.49664,0.64177,0.03668,0.03828,0,5371618.29986,4515687.89187,15.32307,0.0,
20,Chem,1393,0.08176,15.58669,0.65382,-0.05121,0.08029,0,5877775.45444,3880352.62325,15.17144,0.0,0.1088
20,Chem,1394,0.16056,15.44422,0.72812,-0.04015,0.08679,0,5097298.5675,3562708.01994,15.08603,0.0,0.08176
20,Chem,1395,0.16625,15.62408,0.68027,0.44934,0.03714,0,6101708.80612,4387673.05735,15.29431,0.0,0.16056
20,Chem,1396,0.09039,15.6219,0.61568,0.36678,0.12219,0,6088442.90438,5308378.44716,15.4848,0.0,0.16625
20,Chem,1397,0.09088,15.78858,0.69634,0.43408,0.10201,0,7192697.06571,6586631.46464,15.70055,0.0,0.09039
20,Chem,1398,0.02775,15.79017,0.72005,0.17623,0.08085,0,7204154.85901,5043305.48713,15.43357,0.0,0.09088
20,Chem,1399,0.05553,15.922,0.70292,0.06457,0.10509,1,8219376.51627,5286858.61666,15.48073,0.70292,0.02775
20,Chem,1400,-0.00355,15.98843,0.63848,0.14914,0.075,1,8783900.99881,9068191.47546,16.02028,0.63848,0.05553
20,Chem,1401,0.12005,16.12031,0.67254,0.14105,0.19757,1,10022214.72791,5975380.17823,15.60316,0.67254,-0.00355
