,count,mean,std,min,25%,50%,75%,max
ind_SME_FOMO_HRD_IDQ_low,2000.0,-0.0953,0.0261,-0.218,-0.1118,-0.0936,-0.0764,-0.0145
ind_SME_HRD_IDQ_low,2000.0,-0.093,0.0289,-0.2288,-0.1115,-0.0905,-0.0721,-0.0142
ind_SME_FOMO_IDQ_low,2000.0,-0.0286,0.0358,-0.1589,-0.0504,-0.0262,-0.0037,0.0841
slope_FOMO_HRD_low,2000.0,0.5319,0.0719,0.324,0.4852,0.5299,0.5782,0.8003
ind_SME_FOMO_HRD_IDQ_mean,2000.0,-0.0648,0.018,-0.1315,-0.0752,-0.0636,-0.0526,-0.0106
ind_SME_HRD_IDQ_mean,2000.0,-0.093,0.0289,-0.2288,-0.1115,-0.0905,-0.0721,-0.0142
ind_SME_FOMO_IDQ_mean,2000.0,-0.0286,0.0358,-0.1589,-0.0504,-0.0262,-0.0037,0.0841
slope_FOMO_HRD_mean,2000.0,0.362,0.0519,0.2022,0.3269,0.3609,0.395,0.5543
ind_SME_FOMO_HRD_IDQ_high,2000.0,-0.0344,0.0156,-0.1021,-0.0431,-0.0328,-0.0236,0.0041
ind_SME_HRD_IDQ_high,2000.0,-0.093,0.0289,-0.2288,-0.1115,-0.0905,-0.0721,-0.0142
ind_SME_FOMO_IDQ_high,2000.0,-0.0286,0.0358,-0.1589,-0.0504,-0.0262,-0.0037,0.0841
slope_FOMO_HRD_high,2000.0,0.1921,0.0716,-0.0212,0.1461,0.1918,0.2383,0.4294
ind_total_mean,2000.0,-0.1865,0.0431,-0.3552,-0.214,-0.184,-0.1556,-0.0562
total_effect_mean,2000.0,-0.1741,0.0506,-0.3574,-0.2068,-0.174,-0.1394,0.0233
imm,2000.0,0.0347,0.0135,0.0002,0.0251,0.0332,0.0422,0.1062
a,2000.0,0.5014,0.0625,0.3121,0.4593,0.5024,0.5417,0.697
e,2000.0,0.362,0.0519,0.2022,0.3269,0.3609,0.395,0.5543
bh,2000.0,-0.3593,0.0808,-0.6103,-0.4127,-0.359,-0.3046,-0.0474
std_seq,2000.0,-0.0706,0.0186,-0.1414,-0.0819,-0.0697,-0.0574,-0.0118
std_SME_HRD_IDQ,2000.0,-0.1012,0.0298,-0.2206,-0.1207,-0.0995,-0.0802,-0.0158
std_SME_FOMO_IDQ,2000.0,-0.0308,0.0386,-0.1715,-0.0549,-0.0291,-0.0041,0.0953
std_ind_total,2000.0,-0.2026,0.0417,-0.3668,-0.2305,-0.2011,-0.1743,-0.0731
std_total,2000.0,-0.1894,0.0524,-0.3701,-0.2254,-0.1903,-0.1555,0.0249
