gender,age,edu,exp,portfolio,LE,SC1,SC2,SC3,SC4,AR1,AR2,AR3,AR4,SME1,SME2,SME3,SME4,SME5,FOMO1,FOMO2,FOMO3,FOMO4,FOMO5,FOMO6,AL1,AL2,AL3,AL4,AIU1,AIU2,AIU3,AIU4,AIU5,IDQ1,IDQ2,IDQ3,IDQ4,IDQ5,HRD1,HRD2,HRD3,HRD4,HRD5
1,51,3,6,429,0,2,1,2,1,1,2,1,1,2,4,3,3,3,1,1,1,1,2,1,4,3,4,4,4,4,3,4,3,4,4,3,3,4,2,1,1,2,3
1,27,2,4,78,1,4,3,5,3,2,3,4,3,4,4,4,4,4,4,3,4,5,5,4,3,3,2,2,1,1,4,3,2,1,2,1,2,1,4,3,2,3,3
1,49,2,23,76,1,2,3,1,3,3,4,5,4,4,2,4,3,3,3,3,4,4,4,4,3,4,5,4,5,5,4,4,4,4,3,4,4,4,3,2,1,4,5
0,34,3,5,187,0,5,3,5,4,3,3,4,4,4,5,3,4,5,4,5,3,5,4,3,4,3,2,1,3,1,1,1,1,1,2,2,2,2,5,4,5,4,5
1,45,1,9,969,0,2,1,1,2,3,5,5,3,2,2,3,1,5,2,2,2,1,3,2,3,3,3,3,3,3,4,3,2,2,2,2,3,3,2,2,3,3,2
1,43,3,5,21,0,3,2,5,5,3,5,4,3,5,3,3,3,2,2,4,3,5,3,4,5,3,4,2,4,3,3,4,4,4,3,4,4,5,5,2,2,5,3
1,43,2,2,135,0,3,1,2,2,2,3,1,2,3,2,3,2,2,1,1,1,3,2,3,5,4,4,3,3,3,2,3,3,4,4,4,4,4,4,2,3,3,3
1,38,4,10,200,0,5,4,5,5,4,4,5,4,4,4,4,3,3,4,4,4,4,5,3,4,3,3,4,2,2,1,2,2,2,1,1,1,1,5,2,4,4,5
1,32,2,3,89,0,1,2,1,2,2,3,3,3,4,4,3,4,3,2,2,3,1,2,3,4,3,5,4,3,3,2,5,4,4,3,4,5,5,2,2,3,2,1
0,33,2,14,322,0,3,2,1,1,3,3,3,3,4,3,3,3,2,1,2,2,2,3,3,3,3,3,2,2,1,1,1,3,2,5,3,3,4,3,1,3,3,4
0,23,2,6,96,1,3,1,3,1,2,3,4,3,3,4,4,3,4,3,3,4,3,4,3,3,4,4,2,4,3,3,4,3,4,3,3,4,3,4,3,4,2,5
1,39,3,3,407,0,5,4,4,5,3,5,4,3,4,5,4,4,5,4,3,5,3,3,5,3,4,4,3,3,3,2,4,3,3,3,2,3,3,4,2,3,2,1
1,36,3,19,117,1,4,3,3,4,4,5,5,3,5,5,4,4,4,4,5,5,5,5,5,5,4,4,4,5,3,5,5,2,2,3,1,4,3,5,3,4,5,5
1,46,4,11,435,1,1,1,3,1,1,2,1,1,3,3,4,2,3,1,2,1,3,2,2,2,2,1,3,2,2,2,1,3,4,4,4,5,3,4,2,3,2,3
1,20,2,9,14,0,2,2,2,3,3,4,5,4,3,5,2,2,3,3,3,3,3,4,3,4,4,4,3,3,4,2,4,3,4,2,2,4,3,2,2,2,3,3
0,37,2,6,412,1,2,2,1,2,4,4,4,4,3,3,2,3,3,3,3,3,2,4,3,4,4,4,3,4,3,2,4,1,3,2,1,4,1,2,2,1,1,1
1,41,4,2,88,1,4,3,4,2,4,3,4,3,3,3,4,2,3,3,3,2,3,5,3,4,4,5,4,4,3,3,2,3,2,1,1,1,3,2,3,2,1,2
1,33,4,10,504,0,4,3,5,4,3,2,2,3,3,3,1,2,2,2,4,2,3,4,4,3,4,4,4,3,3,2,4,2,2,2,2,3,3,4,2,4,4,3
1,39,1,6,252,1,5,3,3,3,5,4,5,4,5,5,4,4,5,5,5,5,5,4,4,2,2,4,2,3,2,3,5,3,2,1,1,1,2,5,3,3,3,3
1,35,3,16,91,0,2,2,4,3,2,3,2,4,4,3,2,3,2,2,2,4,3,4,4,3,2,3,2,2,2,2,2,1,3,5,4,4,3,4,5,3,3,4
1,59,2,9,98,1,2,3,2,3,1,3,3,2,1,1,1,1,2,2,2,2,3,2,3,5,3,5,5,4,2,3,3,2,4,5,4,3,3,3,1,3,3,3
0,46,3,4,47,1,2,2,3,2,2,3,2,2,5,4,4,5,2,3,4,2,2,4,2,4,5,2,4,3,2,2,2,2,5,3,3,2,4,2,2,3,2,2
1,33,4,14,719,0,5,4,3,5,2,3,4,4,3,3,2,2,1,2,3,3,2,5,3,4,4,3,4,3,2,1,3,3,3,4,4,4,4,5,4,4,5,2
1,30,2,18,228,1,5,5,4,3,4,4,3,3,4,4,4,4,3,2,3,4,4,5,3,4,3,3,3,1,1,1,1,1,3,3,3,2,3,4,4,3,3,2
1,48,3,17,80,1,1,2,4,1,3,2,3,2,1,3,2,3,2,2,2,3,2,3,2,3,3,4,4,4,3,4,4,4,3,5,3,4,3,5,3,4,3,4
1,48,3,8,829,0,5,4,4,4,4,4,4,3,4,5,5,4,4,3,3,3,4,5,2,2,2,2,1,2,2,2,3,2,3,4,4,4,3,5,5,5,3,4
1,30,4,15,73,0,2,2,3,3,2,4,2,4,4,5,3,5,3,3,2,3,3,3,3,3,4,3,3,2,1,3,1,3,3,2,2,2,1,3,1,4,3,4
1,34,2,12,105,1,3,3,3,3,4,4,4,3,3,3,3,3,3,3,3,4,3,3,4,3,2,3,3,5,4,3,4,3,4,2,3,3,3,3,2,4,5,4
1,40,4,6,139,0,3,3,4,4,2,3,4,4,3,2,3,5,1,3,4,4,2,5,4,4,3,3,3,5,4,4,4,5,4,4,3,3,4,5,2,3,2,2
1,47,3,6,29,0,3,3,4,3,2,2,4,2,5,3,4,3,2,2,4,2,2,2,1,4,3,3,3,3,3,2,4,3,4,3,2,4,4,3,2,3,4,3
0,56,3,13,676,0,3,2,1,2,3,3,2,3,5,4,2,3,2,3,3,3,2,3,3,2,2,1,2,2,2,2,2,2,2,3,2,3,2,2,2,2,2,2
1,45,2,8,128,0,3,3,4,3,3,3,3,5,3,5,3,2,3,2,2,2,2,4,3,2,2,3,2,3,2,2,2,1,2,4,3,3,3,3,3,2,1,3
1,47,2,7,35,0,3,3,4,2,2,2,3,2,2,3,2,2,2,1,2,1,3,1,3,3,2,2,3,1,2,1,2,1,2,1,3,3,2,3,2,4,3,4
1,56,3,5,308,0,4,3,3,3,5,5,5,5,5,4,5,5,4,3,3,3,3,4,4,4,3,2,3,4,4,3,3,3,4,2,3,2,2,4,4,3,4,2
0,30,2,7,951,1,4,2,4,4,3,3,2,3,5,3,4,4,4,4,4,3,5,4,5,3,1,5,2,3,2,3,4,2,1,1,1,1,2,5,5,5,5,5
1,46,3,12,92,0,3,4,2,4,2,2,3,3,3,4,1,3,3,4,5,3,4,3,2,3,3,4,3,1,1,2,2,1,1,1,1,1,1,4,2,1,3,3
1,51,2,6,233,0,3,3,3,3,3,3,5,2,5,5,5,5,3,3,4,4,3,3,5,3,3,2,1,3,3,2,3,3,1,1,1,3,2,3,3,3,2,3
1,48,2,2,663,0,4,3,5,3,2,3,3,3,1,1,2,1,1,3,2,2,5,5,3,2,3,3,4,3,3,4,4,3,4,3,3,4,4,2,2,1,1,1
1,49,3,6,506,0,5,4,5,4,3,4,5,3,5,5,5,4,3,3,3,2,2,4,2,1,1,3,2,3,2,1,2,1,3,1,4,4,4,2,2,2,3,2
1,52,2,8,102,0,3,2,4,3,3,2,3,3,3,5,4,4,3,3,4,2,5,3,3,2,1,2,2,2,1,2,1,1,2,2,2,4,3,3,1,3,3,2
1,47,2,6,42,0,3,3,4,3,3,4,4,3,4,3,3,3,3,2,2,3,3,2,3,3,3,4,4,2,3,4,3,2,5,4,5,3,4,5,3,4,2,4
1,40,3,6,1132,0,4,5,4,5,2,4,4,4,4,5,5,4,5,4,5,4,4,5,3,4,3,3,2,2,2,1,1,1,1,1,1,1,2,5,4,3,5,4
1,29,3,16,368,1,1,1,2,2,3,3,2,2,4,3,2,2,2,2,3,1,3,4,2,2,2,4,2,2,2,2,2,1,5,2,3,3,2,3,3,2,3,3
1,34,2,9,145,1,3,2,4,2,4,4,5,3,3,3,3,1,3,2,4,1,2,4,3,5,5,5,3,3,3,3,5,3,4,3,3,3,3,2,1,1,2,1
1,42,2,5,370,0,3,1,3,2,3,2,4,3,3,4,3,3,2,2,2,3,3,3,3,5,4,5,3,3,3,3,4,2,3,3,3,4,3,3,2,1,1,2
1,34,2,4,303,0,4,3,5,4,4,5,5,4,3,3,5,4,5,3,3,3,2,2,4,4,4,4,4,5,4,4,5,4,2,3,3,3,4,4,3,3,3,5
1,46,3,7,938,1,2,2,2,2,3,2,3,1,3,3,4,2,3,2,3,2,2,1,4,5,4,5,3,4,4,3,2,5,4,3,2,4,3,3,3,2,2,2
0,29,3,6,360,0,4,4,5,2,3,4,5,2,5,5,5,4,4,3,3,1,3,3,3,3,3,3,4,3,3,4,2,2,3,2,1,3,2,2,1,2,2,2
1,39,4,5,166,1,2,2,2,2,2,3,3,3,1,2,3,3,1,3,4,3,3,3,3,3,3,3,2,4,3,4,4,2,3,3,3,3,2,2,2,3,3,3
1,38,2,13,37,1,1,2,2,2,3,3,5,3,5,5,5,3,3,3,3,2,3,3,3,4,5,4,3,2,3,2,5,3,4,4,3,4,4,4,2,3,3,3
0,42,2,6,447,0,3,3,2,4,1,2,3,1,4,3,4,3,3,3,2,4,4,4,3,2,2,5,4,2,1,2,2,2,4,4,3,4,4,3,2,3,3,2
1,26,3,6,169,0,3,2,2,2,3,4,4,2,3,2,4,1,3,2,4,3,3,3,4,3,2,5,4,5,5,3,3,4,5,5,4,5,4,4,3,3,2,3
0,36,2,10,230,0,4,2,4,2,2,4,5,3,4,3,3,4,2,1,2,2,2,2,2,1,1,3,1,2,2,1,2,2,3,2,2,4,3,3,2,3,2,3
1,39,4,11,195,0,4,4,4,3,3,4,2,3,4,5,2,4,3,2,4,2,2,2,1,2,2,3,3,3,3,2,3,4,3,3,3,4,3,5,3,2,2,3
1,52,2,8,193,1,4,4,5,4,4,3,4,4,4,4,3,3,3,4,5,4,3,4,4,3,4,1,3,1,2,1,1,1,1,1,1,1,1,3,3,3,2,2
1,52,3,4,1136,0,4,4,3,4,3,4,5,4,3,4,3,2,2,3,3,4,4,5,4,3,3,1,4,5,5,3,4,4,3,3,2,4,4,4,3,4,4,3
1,47,3,9,87,1,3,4,4,3,5,5,5,5,5,4,3,5,4,4,4,3,5,5,3,4,4,3,3,2,3,3,2,1,2,3,1,2,2,5,3,4,4,5
1,37,2,5,118,0,3,2,3,1,3,3,3,4,3,3,5,3,3,2,3,2,2,1,2,2,1,3,2,2,4,2,1,2,3,2,3,3,3,2,1,1,2,2
1,46,1,8,81,0,1,1,2,2,1,3,2,1,4,3,3,3,2,1,2,1,2,1,1,2,3,3,4,4,3,4,3,4,2,2,3,2,3,2,3,3,2,3
1,38,2,9,341,0,3,1,4,2,2,3,3,2,3,4,3,2,2,2,1,3,2,3,3,3,1,3,2,3,4,3,3,3,3,3,4,3,3,2,1,2,2,3
1,43,2,3,75,0,4,3,4,3,4,5,4,4,4,3,3,2,2,3,4,3,5,4,5,4,3,3,3,2,2,2,2,2,1,1,1,2,2,3,2,3,3,2
0,36,2,30,565,1,1,1,2,3,2,3,4,1,5,5,5,4,5,5,4,4,4,5,4,2,2,2,2,3,2,3,4,2,1,2,1,2,2,4,3,4,4,3
1,64,3,4,2172,0,2,3,5,1,3,4,3,4,4,4,1,3,4,2,4,2,3,4,2,5,5,5,4,4,3,3,5,3,4,4,4,3,2,3,3,3,3,3
0,41,1,13,96,0,4,2,2,3,3,4,4,4,4,3,2,3,1,3,2,4,3,2,2,2,1,1,2,4,3,2,4,2,3,3,3,2,2,3,1,2,1,3
1,41,2,4,744,0,3,4,2,2,1,2,3,3,4,3,4,3,2,1,2,1,3,2,2,3,3,3,2,3,2,2,2,2,1,3,2,2,3,2,1,1,2,3
1,49,2,1,30,1,3,2,3,3,4,5,5,3,3,5,2,2,3,4,4,4,3,4,3,2,2,3,1,2,2,4,2,3,1,4,3,2,3,2,1,2,2,2
1,32,2,8,51,0,2,3,3,3,3,3,4,2,4,5,5,3,5,1,1,4,2,3,2,4,4,4,4,1,1,1,2,2,4,3,4,4,2,3,4,3,3,3
1,44,2,8,45,0,3,3,4,4,3,3,3,3,3,2,2,4,4,4,5,4,5,3,5,5,5,5,5,5,5,5,5,5,3,5,5,5,5,5,4,5,5,4
1,37,2,8,575,0,2,4,3,3,2,2,2,1,4,4,4,2,1,1,2,1,2,1,1,1,1,2,2,3,4,1,2,1,3,2,1,2,2,4,2,3,3,2
0,20,2,12,210,1,3,2,3,3,3,5,5,4,4,3,4,4,3,2,3,4,3,5,3,2,1,2,3,3,3,2,2,2,3,3,3,2,4,4,1,2,4,4
1,40,1,17,206,1,4,3,3,3,3,4,4,3,1,1,1,2,1,3,4,3,3,5,3,5,5,3,4,5,4,4,5,5,4,5,3,4,5,3,1,3,2,2
1,23,3,1,482,0,2,2,4,1,5,3,4,4,4,4,5,3,3,3,4,5,3,3,5,5,5,5,5,4,4,3,3,4,5,4,4,5,3,3,4,3,4,3
1,39,2,5,66,1,5,3,4,3,3,3,2,2,4,4,4,1,4,2,4,3,4,3,2,3,3,5,3,2,3,2,2,1,2,5,3,4,4,3,2,3,2,2
0,30,2,3,264,0,2,2,1,3,3,3,3,2,1,2,2,1,2,1,2,2,3,3,3,3,3,3,3,3,1,3,2,2,3,2,3,4,3,3,1,2,2,2
0,57,3,12,225,1,3,3,3,5,3,4,2,3,4,4,5,5,2,3,4,3,3,5,2,3,3,2,3,2,2,2,4,2,3,3,3,4,2,3,2,4,4,4
1,52,2,8,119,1,3,4,4,5,3,3,5,4,3,4,2,2,4,1,3,2,3,3,3,3,4,5,4,5,4,5,5,4,4,3,3,3,4,4,3,2,4,4
0,37,3,7,244,1,3,3,2,3,4,5,5,3,5,4,4,5,4,4,3,5,4,5,5,3,3,3,3,4,2,2,2,2,1,1,1,1,1,5,4,4,3,4
0,53,2,11,59,1,3,3,2,3,4,4,5,3,3,3,3,3,2,1,2,2,3,2,2,3,3,3,3,4,3,2,3,2,2,2,3,3,2,2,2,2,3,3
1,37,4,6,76,0,3,2,4,3,3,5,5,2,4,5,4,5,3,4,3,3,4,5,4,2,3,3,3,3,3,3,3,3,4,4,2,5,2,5,4,4,2,5
1,37,3,3,246,0,3,2,2,3,1,2,3,2,5,5,5,5,5,4,4,3,4,3,4,3,3,3,2,1,3,1,3,2,1,1,1,1,1,5,4,3,4,3
1,49,3,7,184,0,5,3,4,3,2,2,3,1,3,4,3,3,3,2,2,2,3,4,2,3,3,3,3,3,3,3,1,4,2,2,3,4,3,3,2,4,2,3
1,51,4,13,382,1,2,1,1,1,1,3,3,1,3,4,3,2,2,1,2,2,3,3,1,4,3,3,3,3,2,3,3,3,5,3,3,5,3,3,2,3,2,2
1,40,1,14,2288,0,3,2,3,2,4,4,4,3,5,2,3,3,4,2,3,1,2,4,3,2,2,1,2,3,3,2,3,2,3,3,4,2,2,3,2,4,1,3
0,39,4,3,264,0,2,2,4,3,1,2,2,1,3,4,4,4,3,2,3,3,1,3,2,4,4,3,3,3,3,4,4,2,2,2,3,4,3,3,1,2,2,1
1,36,4,4,109,0,3,3,4,2,3,4,3,3,5,4,3,4,4,1,2,3,2,2,2,1,2,2,1,2,1,1,1,1,3,2,3,3,2,4,1,5,3,3
1,36,2,19,760,1,5,4,4,3,5,4,5,5,3,3,2,3,1,4,4,4,2,5,4,5,5,5,5,5,5,4,4,4,4,2,3,3,5,1,1,2,2,2
0,35,1,12,400,0,2,2,2,2,4,3,4,3,3,2,2,3,2,2,3,2,3,1,2,3,2,4,2,3,4,3,3,2,4,4,3,3,2,3,1,1,1,2
1,42,2,3,181,0,5,5,5,5,5,5,5,4,5,5,5,5,4,3,4,4,4,3,3,5,5,4,3,3,3,5,5,3,3,2,2,4,3,3,1,4,2,2
1,33,2,7,189,0,3,2,2,2,4,4,2,4,2,3,2,1,1,2,2,3,3,4,2,4,4,3,4,4,4,3,5,4,4,1,2,4,3,1,1,1,2,2
1,43,1,3,145,0,4,3,2,2,1,1,3,3,4,4,3,3,3,2,4,5,2,4,3,4,4,4,3,4,4,2,4,2,2,2,2,3,2,5,4,4,4,4
1,23,2,3,182,0,1,2,2,2,3,4,4,2,4,2,3,5,2,3,4,3,3,3,5,5,5,5,4,4,4,4,4,4,4,4,5,5,5,4,3,4,3,2
0,39,3,7,506,0,2,1,4,2,2,3,4,3,2,5,3,3,4,2,2,3,2,2,1,4,4,2,4,5,5,4,5,3,2,2,1,3,1,4,3,4,2,2
0,38,2,12,203,1,5,4,4,4,4,5,5,5,4,3,1,3,3,3,4,4,4,4,5,3,3,3,2,2,2,3,5,3,2,1,2,3,1,5,5,5,3,5
1,47,3,4,1251,0,3,3,2,3,3,2,3,3,4,4,4,4,2,3,5,2,5,3,4,3,4,3,3,4,3,3,4,4,2,3,4,4,5,3,3,2,3,3
1,48,3,11,86,1,2,2,3,2,2,3,3,3,5,4,3,4,3,2,4,5,2,4,4,5,5,5,5,3,4,2,2,3,3,3,2,1,2,4,3,3,3,4
0,43,4,18,500,1,4,3,3,4,2,3,2,3,5,5,4,5,3,3,5,4,3,4,5,4,4,4,3,2,1,3,2,2,2,3,2,2,2,4,4,4,2,3
1,47,3,16,93,0,3,4,3,3,3,2,4,2,4,4,2,3,2,2,3,3,2,4,3,3,4,3,2,1,1,2,2,3,5,4,3,4,3,3,2,3,2,3
1,50,3,11,39,0,4,3,3,3,2,3,3,2,1,1,1,2,2,2,1,2,3,3,2,3,4,3,4,3,3,3,2,1,4,3,3,4,4,4,3,3,5,3
1,41,3,19,249,1,2,2,3,4,2,4,3,2,2,3,1,3,1,2,3,3,3,4,1,2,3,3,1,5,5,5,3,5,4,4,4,5,4,3,2,3,2,3
1,38,3,11,247,0,3,3,3,3,3,4,4,1,5,4,4,4,3,2,3,3,4,3,4,3,3,3,2,1,1,1,1,2,2,2,2,4,3,4,3,4,3,3
1,23,2,11,357,0,3,2,2,3,1,3,3,1,5,3,3,3,3,2,2,3,2,4,2,3,4,4,2,2,2,1,2,2,4,4,3,2,3,5,3,3,2,5
0,51,2,2,14,0,3,2,3,4,4,4,2,3,3,3,3,3,3,2,3,2,3,2,4,4,5,3,3,2,1,1,2,2,4,4,3,3,2,5,4,4,4,5
1,20,3,21,398,1,1,1,1,1,3,4,4,3,4,4,4,3,4,4,3,1,2,5,4,3,3,3,4,3,4,3,3,3,5,3,2,5,4,2,1,1,1,3
1,42,3,6,61,0,1,1,1,2,1,1,3,3,4,4,2,4,3,3,4,4,4,3,3,3,3,3,4,2,4,2,2,4,3,3,1,4,3,4,3,2,3,5
1,35,3,5,550,1,3,2,2,5,5,5,5,4,2,2,2,2,2,1,3,2,2,3,4,3,4,3,1,5,5,4,5,3,3,3,3,2,3,3,1,4,2,3
0,35,3,8,39,1,4,4,4,5,4,3,4,5,5,4,5,4,5,3,4,4,3,5,4,3,2,3,2,3,2,3,4,2,3,2,2,3,3,3,2,1,3,3
0,31,1,5,135,0,2,2,3,2,4,5,3,5,3,3,3,1,3,2,3,3,1,3,3,4,3,3,3,3,3,5,4,4,4,4,5,4,5,2,1,2,3,2
0,42,2,16,465,1,4,3,4,3,3,5,5,3,5,4,5,4,4,3,3,4,4,4,3,3,2,3,3,2,2,3,5,2,4,3,2,3,4,4,3,3,4,4
1,45,2,11,743,0,3,3,3,4,1,1,2,1,3,4,4,2,1,4,3,5,5,3,3,2,1,2,2,3,3,3,5,3,3,2,2,5,5,3,1,3,1,2
1,50,2,4,1016,0,2,4,4,3,1,2,3,2,2,2,1,1,1,2,3,3,4,3,3,3,4,3,5,3,3,3,3,2,3,3,3,3,4,2,2,2,2,3
1,47,2,2,135,1,2,2,2,2,3,3,3,2,3,4,4,2,3,3,2,1,2,3,1,4,4,4,5,4,3,3,5,4,2,2,2,2,2,3,1,1,1,2
1,31,2,7,252,0,2,1,3,2,4,4,4,5,4,4,4,4,3,3,3,4,3,4,2,4,5,4,4,5,4,3,4,5,3,5,4,5,3,2,2,3,2,2
1,24,2,17,74,1,2,1,2,4,3,4,4,2,5,4,2,3,2,3,3,3,4,4,3,1,2,1,2,1,1,1,2,1,2,2,3,3,3,3,2,4,2,3
0,31,3,2,408,1,2,1,2,3,2,4,3,3,3,3,4,2,4,3,3,3,5,4,3,4,3,4,4,2,3,3,3,2,3,3,2,5,2,5,3,3,3,3
0,44,2,3,81,1,3,3,4,3,4,5,5,5,4,4,5,4,2,3,3,5,4,5,5,2,3,3,3,2,1,3,4,2,1,1,1,1,2,4,2,5,4,5
1,40,4,15,117,0,5,3,4,2,2,2,4,3,4,4,4,3,5,4,4,3,5,3,3,4,4,4,3,2,2,2,3,1,1,1,1,1,1,5,2,2,2,4
0,63,2,6,92,1,2,1,2,2,2,2,2,2,3,4,3,5,3,2,2,2,4,2,2,2,1,3,2,1,1,1,1,2,3,2,3,3,3,3,2,2,1,1
1,31,3,6,1227,1,4,4,4,4,4,4,4,4,3,4,4,4,2,3,3,4,4,5,4,4,4,3,3,2,3,1,3,3,2,1,2,2,2,5,3,2,4,4
1,36,2,12,324,0,3,2,3,3,2,1,2,2,3,4,3,2,3,1,3,1,3,3,1,3,2,3,3,3,2,2,5,3,3,2,1,2,2,3,2,2,3,2
1,37,2,5,125,0,2,2,3,2,4,5,4,2,2,4,3,3,2,3,2,2,3,1,2,3,5,4,2,2,2,1,3,1,1,2,1,2,1,2,1,2,1,2
0,58,3,6,425,0,3,3,4,3,2,3,4,3,4,2,3,3,2,2,2,2,3,5,4,5,5,5,5,4,4,4,4,2,3,3,2,3,3,5,5,3,3,5
1,21,2,12,110,1,3,3,3,4,3,3,3,4,2,2,2,2,1,3,2,2,2,4,3,2,3,2,3,3,3,3,3,2,4,2,1,4,3,2,1,2,3,2
1,45,3,10,3508,0,2,1,3,1,3,2,3,3,4,3,4,2,3,1,2,1,1,1,1,3,2,4,4,4,4,4,4,4,2,2,2,4,2,2,1,3,1,2
1,57,2,10,153,0,3,1,3,2,3,3,4,2,3,5,4,4,3,3,3,3,3,2,2,2,2,2,2,4,3,2,3,3,3,3,1,3,2,3,1,1,1,1
1,35,2,12,88,1,2,1,3,3,4,5,4,3,5,4,2,3,2,5,4,3,5,5,4,3,2,3,4,3,2,3,3,2,2,2,2,3,1,4,4,2,3,2
1,34,3,3,358,1,5,5,5,5,4,5,4,3,5,5,5,5,4,5,5,4,4,4,5,5,5,5,5,4,3,3,3,3,3,4,4,3,2,5,5,5,4,4
1,39,2,7,220,0,4,5,4,3,5,3,4,3,2,3,4,3,3,2,3,4,3,4,3,3,2,4,3,4,4,3,4,2,4,3,4,3,4,5,4,4,3,3
0,37,3,5,60,0,3,2,2,2,3,3,3,2,4,2,4,3,2,1,3,3,2,1,2,2,1,3,3,3,3,2,4,3,3,2,2,4,3,1,1,2,3,3
0,39,3,11,127,0,3,3,3,3,3,3,1,3,3,3,2,3,2,1,1,2,3,2,2,3,3,4,2,1,1,2,2,1,2,1,1,2,3,2,1,3,1,2
0,22,2,14,40,0,3,2,3,2,5,3,3,3,2,1,1,1,3,1,3,2,3,3,3,3,3,3,3,2,2,2,3,2,3,3,2,2,4,3,3,2,2,3
1,42,3,3,252,0,2,1,1,3,3,2,5,3,4,5,3,4,4,2,3,4,1,3,3,3,3,4,2,3,3,2,4,3,2,3,3,3,2,4,2,4,4,4
1,26,3,14,62,0,4,3,4,4,5,5,4,4,5,4,4,3,3,2,3,2,4,2,4,2,1,1,1,1,1,1,1,1,2,2,1,2,2,4,2,5,3,5
1,34,3,7,205,0,3,3,1,3,2,3,2,2,1,1,3,1,3,1,1,2,1,3,2,3,4,3,3,4,3,4,3,2,4,3,1,2,4,2,2,3,2,2
0,39,4,3,542,0,5,4,5,4,3,2,4,3,2,3,3,3,2,1,3,2,2,2,2,3,2,4,3,4,3,2,3,3,4,2,1,3,3,3,2,2,3,1
1,25,3,7,174,1,3,3,4,3,3,3,2,1,4,5,5,4,4,4,2,2,4,3,3,3,2,3,4,3,1,1,3,1,3,3,2,2,3,4,3,4,3,4
1,23,3,9,76,0,3,4,4,3,4,5,5,3,4,4,3,3,3,3,5,2,3,2,3,2,3,2,2,3,3,2,4,2,4,3,3,3,2,3,2,3,3,4
1,30,4,6,167,0,4,3,4,3,1,2,1,1,4,5,4,4,3,2,4,2,3,3,2,3,3,5,3,2,3,3,4,2,2,2,2,3,2,3,2,2,2,4
0,37,4,11,73,1,1,2,2,2,2,1,2,3,1,2,1,2,2,1,1,2,4,1,3,5,4,5,4,5,3,4,5,3,3,2,3,2,3,1,1,1,1,2
1,29,3,1,240,0,2,1,2,2,4,3,5,4,3,3,3,2,3,3,5,3,2,4,4,3,3,4,3,2,1,2,3,3,1,3,2,4,1,3,1,2,2,3
1,42,1,14,217,1,1,1,1,2,2,2,3,1,2,2,1,1,2,2,2,3,2,3,2,2,2,3,3,3,3,3,3,2,3,4,3,4,3,2,2,2,1,3
1,41,4,2,158,1,2,2,4,2,2,2,4,3,4,5,2,3,3,3,3,4,3,3,5,2,3,3,3,4,2,3,4,2,2,3,1,3,2,5,3,4,2,4
0,58,1,14,104,1,5,5,4,4,3,4,5,4,4,3,2,3,3,4,5,5,5,5,4,5,3,4,3,4,3,5,4,2,2,2,2,3,2,5,4,3,5,5
1,21,3,17,112,1,2,2,2,3,2,2,2,3,1,2,1,2,2,1,1,1,1,3,1,3,1,2,3,3,3,3,3,4,2,4,2,4,3,2,2,2,2,2
1,45,1,12,148,1,3,2,3,3,1,2,3,3,2,2,1,2,1,1,1,2,1,2,1,4,3,4,5,4,3,3,4,2,2,3,2,3,2,1,1,1,1,1
0,44,2,14,69,0,2,4,3,2,2,3,3,2,5,4,3,2,2,2,4,3,3,3,3,3,2,3,3,2,3,3,2,1,3,2,3,3,4,4,2,3,3,2
1,42,4,14,50,0,3,2,3,1,3,4,4,3,5,5,2,3,3,2,4,2,2,4,3,4,3,3,3,4,3,2,3,2,4,5,3,4,5,4,2,3,3,3
1,41,3,6,255,0,4,4,3,4,3,3,3,3,3,4,3,3,1,4,4,2,3,3,4,3,4,4,3,1,1,1,3,1,3,3,2,2,2,5,2,3,3,3
0,35,2,2,64,1,5,4,3,4,3,3,4,4,4,4,5,4,5,3,3,4,5,5,3,4,4,3,4,2,1,2,3,2,1,2,2,1,2,3,3,4,2,3
1,40,3,9,148,0,3,4,3,3,2,1,3,1,4,4,3,4,3,3,3,2,3,3,3,1,1,2,2,3,2,1,1,1,4,3,3,3,4,3,2,2,2,2
0,37,1,3,311,1,2,1,3,1,2,4,5,2,5,4,5,5,3,3,3,3,3,3,3,3,3,4,4,4,3,2,3,2,4,3,2,3,4,4,3,3,3,1
1,42,2,7,113,0,2,1,2,3,1,2,2,1,3,4,4,2,3,1,1,2,1,2,1,4,3,4,3,2,2,1,2,3,3,4,2,4,4,1,1,1,2,2
0,24,2,17,103,0,3,1,2,2,2,4,5,4,5,5,4,3,3,4,5,3,5,5,5,4,3,4,4,4,1,4,3,2,2,2,3,3,3,5,3,5,3,4
0,35,3,8,254,1,2,2,4,4,4,5,4,2,5,5,4,4,3,2,4,3,3,4,2,4,4,4,4,4,3,4,4,2,5,3,3,3,4,5,3,3,3,2
1,47,2,11,528,0,2,2,2,3,2,3,2,3,3,5,3,4,3,2,2,3,3,4,2,5,4,4,4,2,2,2,4,1,3,1,2,2,2,5,5,4,4,5
1,48,3,5,105,0,3,4,3,3,3,3,3,1,5,4,5,4,5,5,5,4,4,5,4,1,2,3,3,2,3,3,2,1,2,2,3,3,1,5,3,5,4,4
1,38,2,3,223,1,1,1,1,1,1,1,2,3,4,3,3,3,2,2,2,2,3,4,2,1,1,1,1,3,3,2,4,3,5,5,5,4,3,2,2,2,2,2
1,41,2,6,431,0,2,2,3,1,2,3,3,3,4,4,2,3,3,2,3,3,2,3,3,5,5,4,3,3,4,4,4,2,4,1,2,3,3,3,1,3,2,1
1,47,2,21,200,0,2,1,3,3,3,3,3,3,4,3,5,5,3,2,4,3,4,2,2,5,5,4,3,5,4,4,4,3,4,3,3,4,3,4,3,4,4,5
1,42,4,11,69,1,2,3,3,3,4,4,4,2,3,3,2,2,3,2,2,2,2,4,4,1,1,2,3,2,2,3,2,2,1,2,2,3,2,5,2,3,3,4
1,32,4,9,108,0,2,1,2,3,2,3,2,3,3,3,2,4,2,2,2,3,3,4,3,2,1,1,1,1,1,2,3,1,3,2,4,2,4,5,3,3,4,4
1,32,2,4,39,0,3,4,4,3,2,3,4,3,5,5,5,5,5,4,4,4,4,3,5,3,3,3,2,2,1,2,3,2,1,1,1,2,1,3,2,3,4,3
1,28,4,6,404,0,3,3,5,4,5,4,5,3,3,1,3,3,2,4,5,3,4,5,4,5,5,4,4,4,4,4,5,3,5,4,3,4,3,4,2,4,4,3
1,43,4,7,148,1,3,3,3,3,5,5,5,3,4,5,3,5,5,3,5,4,4,3,4,3,2,5,4,2,2,2,4,1,1,1,2,3,1,3,3,4,3,3
0,46,2,9,346,0,3,3,4,3,2,3,2,1,1,1,1,1,1,1,3,1,2,2,1,3,2,2,3,3,4,2,3,3,5,3,5,5,5,3,2,2,1,3
0,41,3,7,234,1,3,2,3,3,4,3,4,2,2,4,3,2,2,4,3,3,1,4,4,4,4,3,3,2,2,2,1,1,2,2,2,3,3,4,2,2,4,3
0,23,1,8,106,1,4,3,4,4,3,2,2,2,3,4,4,2,5,2,3,2,4,4,1,3,2,1,2,4,4,4,3,3,2,3,3,3,1,3,2,1,2,2
1,20,2,6,168,0,3,1,3,1,2,2,2,1,3,3,3,1,3,1,2,2,3,2,2,2,3,3,3,2,3,3,3,3,3,2,1,2,3,3,3,2,2,3
1,31,3,13,221,1,2,1,2,2,2,5,4,3,3,3,3,3,3,4,4,4,4,4,4,3,2,3,3,3,4,2,4,3,1,1,2,4,2,3,2,2,2,1
1,36,1,8,1545,0,4,3,4,2,5,5,4,4,5,4,5,5,4,2,1,2,1,3,2,3,2,4,3,3,3,2,2,3,3,3,3,2,3,2,2,3,1,3
1,44,3,8,836,0,3,2,3,2,2,3,4,3,4,3,3,2,2,1,1,1,3,2,2,2,4,5,3,3,2,1,4,3,3,2,2,4,4,1,1,1,1,1
1,37,2,3,337,0,3,3,5,4,3,3,2,3,3,4,4,3,4,4,4,3,5,5,5,2,2,3,2,2,2,3,2,3,1,1,3,3,2,4,1,3,2,2
0,49,2,13,384,0,2,1,1,1,2,1,3,2,5,5,5,5,4,4,3,2,5,3,3,2,2,1,1,1,1,2,3,1,3,4,3,4,5,5,4,4,3,4
0,29,3,5,339,1,3,3,2,4,5,3,5,3,2,4,2,3,2,4,3,2,3,5,2,4,4,3,5,5,3,4,4,3,3,4,3,4,5,5,2,3,4,4
0,31,3,17,183,1,2,2,3,3,3,3,3,3,2,2,2,2,2,2,2,2,2,5,2,2,1,2,2,3,4,3,4,2,3,5,3,4,4,2,3,2,2,3
1,62,2,7,553,0,3,4,3,2,3,3,4,3,3,2,2,2,3,2,2,2,4,3,3,3,3,4,3,4,4,4,5,4,4,3,3,2,3,1,1,1,1,1
1,31,3,12,346,0,2,1,1,3,3,3,2,2,3,2,3,2,2,1,2,4,3,2,2,2,1,1,3,2,3,3,2,3,3,4,2,3,3,3,2,3,2,3
1,32,4,5,101,1,1,1,1,1,3,4,4,2,2,5,2,1,2,3,3,2,2,2,2,3,3,5,3,4,3,4,3,3,3,3,2,4,4,2,2,2,2,2
1,42,2,11,351,1,2,3,3,4,5,2,4,4,3,4,5,3,3,5,5,3,3,3,4,3,4,3,2,3,2,3,2,3,3,3,4,4,3,5,4,4,5,3
1,51,3,18,366,0,3,3,3,2,2,3,3,3,3,3,3,3,3,2,3,3,2,3,3,5,5,5,4,4,4,4,3,3,5,4,4,3,3,1,2,3,1,3
1,40,2,10,212,0,3,2,1,2,2,3,3,3,4,3,4,3,3,2,2,3,4,3,2,2,3,1,2,2,1,2,3,2,3,3,2,3,3,2,2,2,1,1
1,29,2,12,718,1,3,3,2,2,5,4,4,3,4,3,4,5,2,3,4,3,3,5,3,4,3,3,3,3,2,2,3,3,4,3,4,3,4,5,3,4,4,3
1,26,3,6,175,0,2,2,3,2,3,3,2,4,5,4,4,4,4,3,4,4,4,4,2,3,3,3,3,2,1,1,3,1,3,3,3,4,3,4,2,3,3,3
0,26,2,17,658,1,4,3,4,3,3,4,4,3,3,3,3,3,2,4,5,5,5,5,5,3,3,2,2,2,1,2,2,1,1,2,3,3,2,4,5,4,3,3
1,33,4,11,326,0,3,2,3,2,2,3,2,3,2,4,1,2,3,4,3,3,3,2,2,5,3,5,4,4,3,2,4,3,3,2,3,2,2,2,2,2,2,2
0,25,2,3,55,1,2,1,2,1,2,2,3,3,1,1,2,1,1,2,2,3,2,5,3,4,4,3,4,2,4,3,4,4,2,2,3,3,2,4,3,3,3,4
0,49,4,6,1255,0,2,1,2,1,3,5,4,4,5,4,4,4,2,2,2,2,3,3,2,3,2,3,3,1,1,1,2,1,3,3,2,2,3,4,4,5,3,2
1,34,3,15,96,0,4,3,3,3,2,2,4,2,3,3,4,2,3,3,4,4,5,3,2,2,3,3,1,1,2,2,2,2,1,1,1,2,2,3,1,2,3,5
0,23,3,13,34,0,3,2,2,2,2,3,3,4,3,2,1,1,2,1,2,2,3,2,2,3,2,2,2,3,4,3,3,3,3,2,2,5,2,3,2,2,2,1
1,29,2,3,76,1,4,4,4,4,2,3,4,2,3,4,3,3,3,2,2,4,3,5,3,3,3,2,3,3,2,3,3,3,3,3,2,5,5,5,3,2,3,4
1,51,2,14,58,0,4,2,3,3,1,2,2,2,3,3,2,2,2,2,3,3,3,1,3,3,3,5,3,4,2,3,4,1,2,3,3,4,1,2,2,2,1,2
1,48,3,6,130,0,1,1,1,1,1,1,3,2,3,2,2,2,2,2,3,1,2,3,2,5,5,5,5,3,3,3,4,1,4,3,4,3,4,4,3,4,2,3
1,32,2,9,135,0,4,3,2,4,3,4,3,3,3,4,3,4,4,2,2,2,3,3,3,2,2,1,2,2,1,1,3,2,4,3,2,4,2,3,2,1,2,4
0,46,3,14,1676,0,1,1,3,4,3,3,3,3,3,2,2,3,2,1,3,1,2,4,2,3,4,4,4,4,3,3,3,3,2,2,3,2,3,3,3,3,2,3
1,53,3,13,71,1,5,3,4,4,4,4,5,4,5,4,5,5,4,3,4,3,3,4,4,3,4,3,3,2,1,1,3,1,3,3,2,2,3,4,4,3,3,2
1,34,4,12,96,0,3,3,4,3,3,4,3,2,3,4,4,3,4,2,3,4,3,3,5,2,3,4,3,1,2,1,2,1,1,1,1,1,1,4,2,3,1,3
1,45,4,17,896,0,1,2,3,1,4,4,5,4,4,5,3,5,3,3,2,3,3,3,5,4,3,2,3,4,3,2,3,1,3,3,4,3,3,2,2,3,3,3
1,32,2,4,138,0,2,2,3,3,3,3,3,2,2,2,3,2,2,1,2,2,2,3,3,4,3,3,4,4,4,4,4,5,3,3,2,1,4,2,2,3,4,4
0,39,3,8,46,1,4,4,5,3,3,4,3,1,3,2,3,3,1,3,3,1,3,4,3,3,4,4,3,2,3,2,1,1,2,2,1,4,3,4,2,4,3,3
0,64,4,13,281,0,2,1,3,1,3,5,3,3,2,3,3,2,1,3,3,3,3,3,3,4,2,5,4,3,4,4,4,4,3,3,3,4,3,2,1,1,1,1
1,42,2,12,107,0,4,4,3,3,3,4,4,3,5,5,5,5,5,5,4,3,5,4,4,3,3,1,3,2,1,1,3,1,2,3,1,1,1,3,2,2,2,2
0,37,2,1,220,0,2,2,3,2,2,3,2,2,4,5,3,3,5,2,3,4,3,3,2,4,4,4,4,2,2,1,1,1,3,3,4,4,3,2,2,3,2,1
0,44,2,7,83,1,4,2,5,2,3,2,5,2,4,4,2,4,2,4,4,4,3,5,4,5,5,5,4,2,1,2,4,1,3,3,2,3,3,4,2,4,2,3
0,47,2,8,315,0,3,2,3,3,3,4,3,3,4,4,2,3,3,2,3,3,3,4,3,3,4,4,3,3,2,3,3,2,3,1,2,4,3,5,3,4,3,4
1,30,1,13,742,0,2,1,3,1,1,2,1,1,4,4,4,2,1,3,3,2,3,4,3,3,2,4,3,2,3,4,2,3,3,4,4,5,4,3,1,3,3,2
0,42,3,9,569,0,3,4,4,1,3,4,4,2,4,3,2,2,2,2,1,3,2,3,1,3,3,2,3,3,4,3,2,3,3,3,3,4,3,4,2,4,5,3
1,39,3,10,494,0,2,4,3,3,4,4,4,3,4,5,4,3,3,1,2,1,2,2,2,2,1,2,2,1,1,2,3,1,3,4,4,5,5,1,1,1,1,2
0,36,2,3,61,1,4,2,4,3,3,3,3,3,4,3,3,2,5,2,3,1,2,3,2,3,3,3,2,4,5,4,5,3,3,2,2,4,2,3,2,3,1,2
1,43,1,9,26,1,4,4,5,5,3,3,5,3,1,3,1,3,3,1,2,2,3,3,5,2,1,1,2,2,2,3,4,2,4,5,4,5,4,4,3,4,3,3
0,55,2,8,116,0,2,1,1,1,3,3,3,2,3,4,3,4,3,3,2,2,3,4,4,4,4,3,3,2,1,2,2,2,2,1,1,2,1,5,3,4,3,5
0,29,3,20,336,1,2,2,4,4,2,3,3,3,3,4,3,3,3,2,3,2,3,4,4,5,5,4,5,3,3,2,3,3,3,4,3,3,4,4,1,2,3,3
0,42,3,18,162,0,4,4,5,4,2,4,5,2,4,3,3,3,2,3,3,2,2,4,3,3,2,2,1,2,3,1,2,2,3,1,2,1,3,4,1,2,2,2
1,37,2,14,162,0,4,5,5,5,4,4,4,5,5,4,4,4,5,2,2,2,2,3,3,1,2,3,3,5,4,3,4,3,3,3,3,3,2,2,1,2,2,1
1,26,3,4,642,0,3,2,3,2,1,2,1,2,4,4,2,2,1,4,3,4,3,3,3,2,2,3,2,1,1,2,3,2,3,3,2,3,1,4,4,5,4,3
1,34,2,12,449,1,4,3,4,4,4,5,5,3,3,3,3,4,3,5,5,5,5,5,5,4,4,4,3,3,4,3,3,2,1,1,2,3,2,4,3,3,3,5
1,65,2,10,43,0,3,1,2,2,3,4,3,2,3,3,3,2,3,4,4,2,3,4,5,4,4,3,4,4,4,2,5,2,3,2,4,2,3,3,3,2,3,2
1,29,3,5,12,0,2,1,1,1,1,3,1,3,3,4,3,3,2,1,3,1,1,2,1,2,2,2,2,2,3,2,2,1,2,3,3,3,4,4,4,2,3,5
0,40,2,3,294,0,3,4,5,4,5,5,5,4,2,4,3,2,5,3,4,3,4,3,5,3,3,3,3,2,3,2,3,3,3,2,2,4,3,2,1,1,3,2
1,41,2,12,24,1,2,2,2,1,2,4,3,1,5,3,2,3,2,2,3,2,2,2,2,2,2,2,3,4,3,1,3,1,4,4,4,3,3,3,2,3,3,2
0,56,2,13,33,0,3,2,2,2,3,3,3,1,3,2,4,2,3,2,5,4,3,3,4,3,2,4,3,3,4,2,3,2,4,4,5,4,5,4,3,4,2,4
0,42,2,17,266,1,5,4,4,3,3,2,4,2,4,5,5,5,3,3,3,3,5,5,5,3,4,3,3,1,1,1,3,1,2,1,2,3,2,2,2,3,4,2
0,35,2,7,58,0,4,3,3,2,2,2,2,1,5,4,3,3,3,2,3,2,2,3,1,5,4,3,3,5,3,3,4,2,3,2,2,2,2,5,3,1,3,2
0,31,2,6,211,1,3,2,3,3,3,4,4,4,3,3,3,3,2,1,1,2,1,3,4,5,5,3,2,4,4,4,5,3,2,3,3,4,3,2,1,1,2,2
1,29,3,10,280,1,2,2,3,2,2,3,3,3,4,3,4,3,3,2,4,3,4,4,2,5,5,5,5,4,4,3,3,5,4,4,2,4,4,2,2,3,3,2
1,43,3,10,53,0,3,2,4,4,1,3,3,1,2,3,2,1,1,3,3,3,2,5,3,2,3,1,2,1,1,1,1,1,3,3,4,4,2,3,2,4,2,5
1,46,2,10,60,1,4,3,4,4,4,3,3,2,2,2,3,2,1,3,3,2,3,3,2,2,1,2,2,2,3,2,4,2,4,4,4,5,4,3,1,2,1,3
0,31,1,17,162,1,3,3,2,4,4,4,5,4,4,4,5,5,3,3,3,2,5,5,5,2,3,3,3,2,2,2,4,3,2,3,3,4,2,4,3,3,2,4
0,58,1,15,208,0,2,3,3,3,3,4,3,3,2,1,2,1,2,1,1,1,2,2,1,3,4,2,1,3,2,2,3,2,3,3,2,3,2,3,2,1,1,1
1,41,3,6,355,0,1,1,1,2,1,2,1,1,1,1,1,1,2,1,1,2,1,2,1,5,5,5,4,5,4,4,5,4,1,1,1,3,1,2,1,1,2,2
1,22,2,10,79,0,5,5,5,2,3,4,4,5,5,4,4,3,4,4,3,4,3,1,5,2,1,2,3,4,3,4,3,4,3,3,3,4,2,5,3,5,4,3
1,41,2,6,138,1,3,2,2,2,3,4,3,3,2,3,3,2,1,2,3,2,3,4,3,4,3,4,3,4,2,3,3,3,3,2,2,4,2,5,3,3,3,5
1,49,3,11,75,0,3,2,3,1,1,1,1,1,5,5,4,3,4,2,2,1,4,2,3,5,5,4,4,4,3,3,4,3,4,2,3,5,4,5,2,2,3,3
0,52,2,5,163,1,1,1,2,2,3,4,5,2,2,2,3,2,4,3,3,3,2,3,3,3,4,2,3,3,2,4,5,2,4,4,3,4,4,5,3,4,4,5
1,44,4,9,149,0,1,2,4,2,2,2,3,2,4,4,3,2,3,3,4,3,3,2,2,3,3,4,3,5,3,3,3,2,2,2,1,3,2,3,4,4,3,3
0,30,3,8,300,1,3,2,2,3,3,4,4,4,3,4,2,2,5,2,3,3,3,3,2,3,2,2,1,2,1,1,4,2,4,3,3,3,2,3,1,3,1,2
1,40,2,6,39,0,1,1,2,2,2,2,2,2,3,2,2,2,2,1,1,1,1,1,1,4,2,3,3,4,4,4,4,2,2,3,2,1,3,3,1,1,1,2
1,43,3,10,139,0,5,5,4,3,2,3,5,3,3,5,4,3,4,3,4,4,4,3,2,1,2,2,2,2,2,2,3,2,2,2,3,3,3,4,3,4,3,3
1,49,4,4,602,1,4,3,3,4,4,4,4,4,3,3,3,2,1,4,5,5,4,5,5,3,4,2,3,3,3,3,1,2,2,1,2,3,2,3,2,3,4,4
0,34,3,7,572,1,2,2,2,2,1,1,2,2,2,2,2,3,2,1,1,1,1,1,2,4,3,4,5,5,4,4,5,5,4,2,2,3,4,3,1,2,1,2
1,40,2,10,97,0,2,2,3,4,2,4,3,4,5,5,5,5,4,3,5,2,4,2,4,1,1,1,1,2,1,1,3,1,2,3,1,3,2,3,1,4,2,2
1,44,3,5,86,1,4,4,4,4,4,4,5,5,2,3,3,2,2,4,5,4,5,4,5,3,4,3,2,2,1,1,3,2,1,1,1,1,1,4,4,4,3,4
1,24,1,6,1321,0,3,3,4,4,5,5,5,5,5,5,5,5,4,3,4,4,2,4,3,3,4,3,4,3,3,2,4,2,2,2,2,4,4,3,2,1,4,4
1,59,2,8,87,1,5,5,5,5,5,5,5,3,5,3,4,4,3,5,5,4,4,5,4,4,5,4,4,3,3,4,3,3,3,1,2,2,2,5,4,3,2,4
0,20,2,14,505,0,4,4,3,5,5,5,5,5,4,2,4,3,3,3,3,4,3,4,5,3,3,5,4,3,4,2,4,3,3,3,3,4,3,4,5,3,3,4
0,56,3,9,386,0,1,1,2,2,1,2,3,1,3,4,3,4,3,3,3,1,3,2,1,3,3,2,3,4,2,1,3,2,2,1,2,2,3,4,2,2,4,2
1,40,4,30,224,1,5,4,5,5,2,3,3,4,4,2,1,4,1,3,3,5,4,5,4,5,3,5,4,3,4,3,5,2,3,2,2,4,4,4,3,3,4,4
1,52,2,5,172,0,2,1,3,2,1,1,3,2,3,2,2,2,2,2,2,2,3,3,3,2,2,3,2,2,2,2,3,3,3,2,1,2,3,4,2,1,2,2
1,61,2,4,848,1,4,4,4,3,2,1,3,2,2,3,3,4,3,1,2,1,1,4,2,3,1,4,1,3,3,1,3,2,4,4,4,5,3,3,3,3,2,3
1,34,1,16,69,0,4,4,4,3,4,4,3,4,4,4,3,4,4,3,4,3,2,4,5,2,2,3,2,3,3,1,3,1,3,2,1,3,2,5,5,4,3,4
1,46,2,2,385,0,3,2,5,4,4,4,5,4,4,4,4,3,4,3,3,3,3,4,3,3,3,4,3,1,2,1,4,4,3,3,3,2,3,4,1,3,1,2
0,36,2,5,700,0,3,2,4,3,1,1,3,2,3,3,3,3,4,3,3,3,2,3,2,1,1,1,1,1,1,2,1,1,2,3,2,3,4,5,4,3,4,5
1,35,1,7,583,0,3,2,4,4,4,4,3,3,4,3,5,4,3,2,4,4,5,5,3,3,4,3,4,3,3,3,4,4,3,2,2,5,2,4,3,3,1,3
1,44,3,7,67,0,4,3,4,5,3,4,4,4,1,3,3,3,2,2,3,1,3,4,3,4,5,4,4,5,4,4,4,3,2,2,3,3,3,4,3,2,2,3
0,48,2,16,403,0,2,1,2,1,3,3,3,4,4,4,4,4,3,4,5,4,4,5,5,2,3,3,2,3,2,3,4,2,1,1,1,2,1,5,3,4,3,2
0,58,2,2,1114,0,1,2,1,1,1,1,1,1,4,3,3,3,1,2,1,1,2,2,2,2,3,4,2,2,3,1,2,2,3,2,2,4,4,5,3,4,4,5
0,28,4,7,178,1,3,2,4,3,2,4,5,4,4,3,3,2,3,3,3,3,1,4,3,2,3,3,4,2,3,2,2,1,4,1,3,3,4,2,4,1,4,3
0,27,2,12,75,0,1,1,2,1,2,2,3,2,2,4,4,4,2,1,2,2,4,3,2,3,2,3,3,2,3,3,2,1,3,3,3,2,5,1,1,1,1,2
1,43,2,17,143,0,3,3,4,2,4,4,3,3,4,4,4,4,2,3,3,3,2,4,4,4,4,4,2,3,2,2,3,2,4,4,4,3,4,4,1,2,2,1
0,43,3,18,280,0,1,2,4,1,3,4,4,3,2,1,3,3,2,2,2,2,3,2,2,4,4,3,2,1,1,1,1,1,5,3,3,4,4,5,1,4,2,3
0,24,4,12,51,1,2,2,4,3,4,4,5,3,4,3,4,4,4,5,5,4,5,5,4,4,3,2,3,2,1,2,3,1,1,1,1,2,1,4,3,5,4,4
1,31,2,6,31,0,3,2,3,2,3,3,3,4,4,5,4,4,3,1,2,2,2,3,2,4,3,2,1,4,4,5,3,3,4,3,3,4,3,4,1,1,1,2
0,26,4,4,21,0,2,2,2,1,4,4,5,3,2,3,4,3,3,3,3,3,2,3,2,2,2,2,3,4,2,1,2,3,2,2,3,2,2,3,1,2,4,2
1,29,2,4,126,1,2,2,3,4,2,3,3,2,4,5,2,3,3,4,3,4,5,4,3,5,4,3,4,4,2,3,3,2,1,3,2,3,2,5,3,5,3,4
0,26,2,12,184,0,3,4,3,4,4,4,3,3,4,5,4,4,3,2,3,3,2,4,5,5,4,5,4,3,5,4,4,3,3,2,3,3,4,4,3,5,4,3
0,40,2,14,1490,1,2,1,1,4,3,5,5,4,3,3,2,2,2,1,2,2,2,2,3,5,4,2,3,5,4,3,3,3,3,3,3,3,3,4,4,4,3,1
1,42,3,2,341,0,2,1,4,3,3,3,1,4,4,5,5,4,3,5,5,5,4,5,4,4,3,3,3,2,1,2,3,1,1,1,1,1,1,5,5,5,5,5
0,30,2,15,356,0,2,1,3,2,1,1,2,1,3,5,5,4,4,1,1,2,1,3,3,2,2,1,1,1,2,3,4,1,2,4,2,2,3,3,1,1,2,2
1,27,2,8,67,0,4,3,4,3,3,4,3,3,3,4,3,3,3,4,5,5,3,3,4,3,3,4,3,3,3,4,4,2,1,1,1,2,3,4,3,2,2,3
1,42,1,3,919,0,2,2,3,3,3,3,4,4,4,3,5,3,1,3,1,3,2,1,2,4,4,5,4,4,3,2,4,3,4,3,4,4,4,2,2,1,2,3
1,41,3,7,1486,1,3,1,3,2,5,5,5,4,3,4,2,2,4,4,4,5,4,5,4,5,4,4,5,4,4,4,4,1,4,4,4,5,2,4,4,5,4,4
0,39,2,10,169,1,2,2,4,1,2,3,3,3,2,1,2,3,1,3,4,4,5,4,5,3,3,4,2,4,3,5,3,2,2,3,2,1,1,4,3,4,2,3
1,40,4,10,389,0,3,2,2,2,4,4,5,3,2,2,2,2,1,5,3,5,3,3,3,4,4,4,4,5,3,5,5,3,3,3,2,4,2,4,2,4,4,4
1,56,2,12,430,0,3,3,3,3,2,1,3,3,3,3,4,4,3,3,3,4,3,5,2,5,5,5,4,3,4,2,3,2,2,3,3,5,3,2,1,3,3,3
1,37,2,3,674,0,5,4,5,5,3,4,4,5,2,3,2,2,1,4,4,4,4,3,3,5,5,5,3,5,4,4,5,3,3,4,3,4,4,2,1,1,2,4
1,41,2,3,89,1,3,3,3,3,4,3,5,2,3,4,5,4,2,3,3,2,3,3,4,5,5,4,5,4,5,3,4,5,3,3,3,5,2,2,2,1,3,1
1,39,4,6,735,0,2,2,4,3,3,3,3,3,3,4,2,2,3,2,1,3,2,3,2,4,4,3,3,3,4,3,4,4,2,2,1,2,2,3,1,3,3,1
1,41,2,7,200,0,3,1,3,3,2,3,3,3,1,3,1,2,3,1,1,1,2,2,2,4,5,2,4,3,3,2,3,4,3,4,4,4,4,2,2,1,1,2
0,44,2,2,243,0,5,4,4,4,2,2,2,3,4,5,5,3,3,4,4,4,3,4,4,5,5,4,5,3,2,3,3,2,3,2,2,2,2,2,2,2,1,1
1,38,2,11,371,1,4,2,3,3,2,3,3,3,3,4,4,4,3,3,5,2,3,4,3,1,2,2,2,4,4,3,4,3,3,4,2,3,5,3,2,4,1,4
1,45,2,20,68,0,4,2,3,4,2,3,4,4,3,3,2,2,3,2,2,1,2,4,2,2,3,3,3,4,2,4,2,2,3,2,2,3,2,3,2,3,2,1
1,31,2,14,785,0,3,2,3,2,5,5,5,4,3,3,2,1,2,2,1,2,1,3,3,4,3,2,2,3,3,3,3,2,2,2,4,2,4,4,1,3,1,3
1,41,1,11,570,0,4,3,5,3,3,2,2,3,3,4,3,3,1,4,5,3,4,4,3,3,3,5,3,4,3,4,5,1,4,3,3,3,3,4,2,3,4,3
1,30,3,5,78,0,2,2,1,2,4,4,3,3,4,4,5,3,4,3,4,3,3,4,3,2,1,3,1,2,1,1,2,1,1,1,1,2,2,2,2,1,1,2
0,47,1,7,25,0,4,5,3,5,2,2,4,3,3,3,4,1,4,2,2,1,2,3,3,2,3,3,2,3,2,3,4,2,2,2,3,2,4,4,2,3,2,3
0,26,2,3,1871,0,2,3,3,2,3,3,3,2,4,2,4,2,2,1,2,3,3,3,2,4,4,3,2,4,3,3,4,2,4,2,3,3,3,3,3,2,4,3
1,53,2,5,209,1,1,2,2,5,3,4,4,2,4,5,5,3,5,2,2,1,3,4,4,3,3,3,3,3,2,3,4,3,3,3,3,4,3,4,3,3,4,3
1,34,2,4,84,0,3,3,3,3,3,2,4,3,2,3,2,2,3,1,1,2,1,2,2,3,3,4,3,2,2,1,3,3,3,3,2,3,3,5,3,2,4,2
1,36,2,11,78,1,4,4,3,4,5,5,5,5,3,3,4,4,3,3,4,3,4,5,3,3,2,3,3,4,5,3,5,4,4,4,3,5,4,4,3,2,3,3
0,48,3,15,78,0,1,1,2,2,2,2,2,2,3,2,1,3,1,1,1,3,1,1,1,3,3,3,3,3,1,3,2,1,2,3,2,3,3,2,1,1,1,2
1,29,1,7,28,0,4,3,3,2,2,2,3,3,5,4,3,4,2,2,4,3,4,3,2,2,1,2,2,2,1,1,2,1,2,3,2,4,3,4,3,4,3,3
1,47,2,18,113,0,4,3,4,3,4,4,2,2,5,5,5,3,3,4,2,3,4,4,3,2,2,1,1,2,2,2,2,2,2,4,4,2,3,2,2,3,2,3
1,33,4,8,513,0,1,1,2,2,1,2,3,3,2,3,3,2,2,2,2,4,2,3,2,5,3,5,3,4,4,3,3,4,4,3,3,3,3,3,2,1,1,4
0,38,2,4,517,0,2,3,3,4,3,3,4,3,3,4,3,3,2,3,3,3,3,3,4,4,4,4,3,2,1,2,2,1,3,1,2,2,3,3,1,4,4,4
1,51,2,8,186,0,5,5,3,2,2,2,3,1,5,5,4,5,3,3,3,3,4,3,2,3,3,3,4,3,3,3,3,3,3,2,2,5,3,5,3,3,4,3
1,46,4,23,514,0,4,2,4,3,1,2,2,2,2,3,3,2,2,2,4,3,3,4,3,3,2,3,3,4,4,3,3,3,4,3,3,4,2,3,4,3,2,2
1,36,2,4,469,0,3,2,2,4,3,4,4,5,1,2,1,2,1,2,2,3,2,4,3,4,4,3,2,4,4,3,3,2,2,3,3,4,3,3,2,2,3,4
1,35,2,6,181,1,3,3,4,4,4,5,4,4,3,3,3,4,2,2,2,2,4,4,2,2,2,3,4,1,2,2,2,1,2,2,2,2,3,5,4,4,4,5
0,48,3,5,41,0,2,3,3,4,3,4,4,4,4,5,5,3,3,3,5,5,4,5,4,4,5,4,5,3,3,3,5,3,4,3,3,2,3,3,1,3,2,3
1,39,4,3,45,0,3,3,5,3,3,3,2,1,4,3,3,4,4,3,3,3,3,4,3,4,4,4,5,2,2,2,3,2,3,2,2,4,4,3,2,3,4,3
1,37,2,25,160,0,3,3,3,4,2,3,4,1,4,2,3,4,3,2,3,1,3,3,2,2,2,2,1,2,3,4,3,3,3,3,4,3,4,3,2,1,4,4
1,29,2,16,494,0,4,3,4,4,3,5,5,4,3,2,2,2,3,2,2,2,3,2,4,1,1,1,1,2,2,1,2,3,5,2,3,4,3,5,4,4,4,3
1,35,1,2,744,0,1,2,3,1,5,4,4,3,3,4,3,4,3,2,1,2,3,4,2,2,3,2,3,4,4,3,4,3,2,2,2,3,1,5,3,4,4,3
1,52,2,25,178,0,5,5,5,5,3,4,5,2,4,3,4,3,4,3,4,4,3,4,2,5,5,4,4,5,3,3,4,4,2,3,2,2,3,3,3,2,3,3
0,37,3,15,115,1,3,2,1,2,2,3,3,3,4,4,4,3,3,3,3,2,3,2,2,2,2,3,2,2,2,1,2,2,2,5,4,4,4,2,1,1,3,2
1,68,3,4,77,0,2,3,2,4,4,3,4,3,1,2,1,2,1,3,3,2,4,2,4,4,3,3,4,4,3,3,5,3,3,4,2,4,4,4,2,3,1,3
1,46,3,10,164,1,3,3,3,4,3,4,4,4,4,3,4,3,3,3,3,3,1,4,2,3,3,3,3,5,4,5,3,3,4,2,3,4,4,2,1,4,4,2
1,31,2,21,209,1,3,3,2,2,2,4,3,3,4,4,3,4,4,3,3,4,3,5,4,1,2,1,2,2,2,4,4,2,4,4,2,3,3,4,2,4,3,3
1,40,1,17,22,1,3,4,4,4,3,4,5,3,3,1,1,2,1,3,3,3,3,3,4,5,5,5,4,5,4,4,5,4,5,4,4,4,3,5,2,3,2,3
1,29,2,5,100,1,1,1,1,2,2,2,5,3,2,1,1,3,1,1,2,1,1,2,2,3,2,3,1,3,2,2,3,5,3,3,5,5,5,2,1,2,2,3
0,55,2,10,238,1,3,2,2,2,3,3,3,1,4,4,4,4,4,2,3,2,3,2,3,4,3,4,3,3,2,3,3,2,4,3,3,4,3,4,2,3,1,4
1,35,1,7,36,1,4,3,3,3,2,2,2,1,3,5,3,5,3,5,5,4,4,5,3,5,3,4,3,2,3,2,4,3,2,1,2,2,2,3,2,3,2,3
1,43,1,4,223,1,2,3,2,2,4,5,5,3,3,4,1,2,4,3,3,3,2,4,4,2,2,3,2,5,4,4,3,2,4,4,4,4,5,3,2,2,2,2
0,46,3,12,450,0,1,1,1,1,2,3,3,2,4,4,4,1,2,1,2,1,1,1,1,5,4,4,3,3,4,2,2,2,4,3,3,3,4,2,1,1,1,1
1,51,2,6,270,0,3,3,3,3,4,5,5,4,4,4,4,4,4,3,4,4,3,4,5,4,5,2,3,2,2,2,3,1,2,3,3,4,1,4,2,3,3,4
1,37,4,13,227,0,4,3,4,3,3,3,4,4,4,4,4,3,2,4,5,4,4,5,5,2,3,3,4,4,3,3,3,1,2,2,2,3,3,5,3,4,3,5
0,40,3,10,111,1,4,2,4,3,3,3,3,2,2,5,3,5,3,5,5,5,5,5,4,2,2,1,3,2,2,3,2,1,1,1,1,2,2,3,3,3,3,4
1,51,3,6,156,1,3,1,1,3,4,3,3,5,4,4,3,4,3,2,2,2,2,3,2,5,3,5,3,1,1,1,3,1,3,4,3,4,3,2,3,3,3,4
1,43,1,5,603,0,3,2,5,4,3,3,3,2,3,5,3,4,3,2,2,2,1,4,2,2,3,3,3,3,4,4,4,3,3,2,2,4,3,5,5,5,5,5
1,49,3,11,173,0,4,3,3,2,3,2,2,3,2,2,1,3,1,2,4,3,3,4,4,3,3,4,2,3,2,2,4,1,3,2,2,3,2,1,3,4,2,3
0,56,2,13,89,0,4,5,2,4,3,4,4,3,3,2,2,3,1,2,1,1,1,2,1,3,3,4,2,5,2,3,3,2,3,2,1,2,2,4,3,3,3,3
0,52,2,11,255,0,4,3,4,4,1,3,3,3,3,2,2,4,4,4,4,4,5,5,4,3,3,3,1,3,4,2,2,3,1,3,3,2,2,4,2,3,3,3
1,42,3,19,53,0,3,3,4,2,2,2,2,1,3,3,4,4,3,2,2,2,4,3,2,3,2,3,3,3,3,3,3,2,3,4,3,3,3,2,2,2,2,2
1,54,3,7,349,0,5,4,4,5,2,4,5,4,5,4,4,5,5,3,3,4,4,4,4,3,2,3,2,2,2,3,3,3,1,1,1,3,1,5,4,5,4,4
1,48,2,3,7,0,4,3,3,1,2,2,2,4,3,3,4,3,3,2,3,3,3,3,2,5,4,5,2,3,3,3,2,3,2,3,3,4,2,2,1,1,1,1
0,32,3,12,277,1,2,2,4,3,3,4,4,2,2,2,2,1,2,3,4,4,5,4,2,4,4,3,3,2,2,2,1,2,3,2,2,2,3,5,5,3,4,2
1,46,2,8,2298,1,2,1,3,1,3,4,3,3,4,3,3,3,2,3,4,4,3,2,1,2,2,3,1,2,1,1,2,2,4,4,5,4,5,3,1,1,1,2
1,57,4,17,229,0,3,1,2,2,1,2,1,4,4,4,2,3,3,3,2,2,3,2,1,4,3,3,2,5,4,4,5,4,3,1,2,2,3,2,1,1,2,1
1,51,3,14,67,0,3,4,3,4,2,2,3,2,2,3,3,3,1,4,5,2,3,3,3,5,5,3,5,3,5,3,3,2,2,2,1,2,1,3,1,3,2,1
1,48,3,17,743,0,4,4,3,4,3,3,2,3,2,1,3,2,2,2,3,2,2,4,3,5,5,4,5,4,5,3,3,3,4,4,2,3,4,3,2,3,3,2
1,47,2,22,491,1,3,3,3,3,5,5,5,5,3,4,3,2,3,2,3,5,3,3,3,2,2,2,2,3,2,1,2,2,1,1,1,2,1,4,2,2,3,2
0,35,3,7,137,0,2,2,3,2,2,4,2,4,3,4,4,3,2,3,4,4,2,4,4,2,2,2,1,1,2,2,3,1,3,4,3,3,2,4,1,3,2,2
0,56,2,16,219,0,3,1,2,3,3,3,4,3,4,4,2,3,3,3,3,4,2,3,3,3,2,3,2,2,1,1,3,1,3,3,3,3,5,3,3,3,4,1
1,44,3,11,1255,0,3,4,4,2,5,5,5,5,3,4,3,3,2,3,3,3,4,5,3,1,2,2,3,2,2,2,3,1,3,3,2,4,3,4,3,2,4,2
1,24,2,11,461,1,4,3,2,3,2,4,4,3,4,3,3,2,2,4,5,2,3,5,3,3,4,3,2,3,3,1,3,1,2,2,2,3,2,4,4,3,3,3
1,58,2,6,271,0,2,2,3,3,2,3,5,4,5,5,4,4,4,4,3,1,3,4,3,3,2,1,2,5,5,3,3,3,2,3,3,1,1,3,4,2,3,3
0,46,3,9,61,0,2,2,2,1,2,2,2,1,5,4,3,5,3,4,5,4,5,2,3,3,1,4,2,2,3,2,3,1,2,3,2,1,2,3,2,3,4,5
1,41,3,8,275,0,4,3,3,3,2,4,3,2,3,3,2,3,1,1,2,4,1,1,3,2,2,3,1,2,1,2,3,1,3,2,3,3,1,5,3,3,4,3
1,30,3,17,56,1,2,2,4,3,5,4,5,4,2,3,3,1,1,2,2,3,3,4,3,3,3,3,2,1,1,1,4,2,3,3,2,4,3,2,3,2,3,2
1,46,2,5,435,1,3,1,4,5,5,5,4,5,3,3,3,2,3,2,2,3,4,5,5,4,4,4,4,2,3,4,1,1,2,2,2,4,2,1,1,4,2,2
0,42,3,4,369,0,3,2,4,3,4,4,3,3,4,3,3,3,3,1,3,1,2,3,3,1,3,3,3,2,2,3,5,1,4,3,3,5,2,4,2,2,3,2
1,48,2,9,217,0,2,1,3,2,2,2,2,2,5,5,3,5,3,5,5,5,5,5,5,3,4,1,1,1,2,1,3,1,1,1,1,1,1,5,4,5,5,5
1,25,3,11,40,0,2,2,1,2,4,3,3,3,2,1,1,1,2,1,1,1,1,4,3,5,5,5,5,5,3,3,4,3,3,4,2,3,3,2,1,1,1,1
1,39,3,9,1414,1,2,1,1,1,2,3,2,1,2,3,2,2,2,2,3,3,2,3,2,3,2,2,3,4,2,2,3,2,4,3,3,4,3,2,1,2,3,3
1,47,2,19,249,1,2,1,3,3,3,4,5,3,4,4,4,3,3,3,3,3,2,4,5,4,3,3,4,4,5,5,3,4,3,2,4,4,2,5,3,2,1,2
1,23,2,20,286,0,3,2,1,2,2,2,2,2,2,3,4,4,2,1,3,1,3,3,4,2,2,2,2,2,3,1,2,1,1,1,1,2,3,2,1,1,3,2
0,22,3,6,130,0,4,3,5,3,5,4,4,4,4,4,3,3,2,3,3,4,4,4,3,3,3,1,2,3,3,1,3,2,2,2,1,3,2,4,3,4,4,4
1,57,3,8,377,0,1,1,2,3,3,3,4,3,3,4,3,3,5,2,2,1,2,2,3,3,3,3,4,3,4,3,5,3,3,3,3,3,3,5,4,4,3,5
1,50,4,8,595,0,3,2,3,3,2,2,4,2,3,4,5,3,5,4,3,4,4,1,5,5,4,3,3,3,3,3,4,4,2,3,3,4,4,4,3,4,2,4
1,53,2,6,109,0,4,4,4,4,5,5,5,5,2,2,3,2,2,4,5,4,5,4,4,5,5,5,4,5,4,4,3,4,4,5,4,5,4,5,2,3,3,4
1,43,3,6,172,0,2,1,2,2,3,3,3,4,3,4,3,4,4,3,4,3,5,4,3,3,2,4,3,2,2,2,3,2,2,3,2,3,2,2,3,3,3,4
1,51,2,4,271,1,3,3,4,3,4,5,5,2,3,4,5,4,3,2,4,4,4,3,4,3,4,4,3,2,1,2,2,2,3,3,3,5,2,4,2,3,4,2
1,29,2,7,144,0,1,2,2,2,4,4,3,3,3,4,2,2,2,1,1,2,2,2,4,4,5,4,5,4,4,4,4,3,2,1,2,2,1,3,2,2,3,2
1,41,2,17,225,1,3,3,4,2,3,4,4,2,1,3,4,4,2,3,2,3,2,3,4,4,4,4,3,4,3,2,3,3,4,3,3,3,4,4,4,3,2,3
1,35,2,13,903,1,4,3,4,3,3,4,5,5,5,5,5,5,5,3,3,4,3,5,4,2,1,3,2,1,1,1,2,1,1,1,1,1,1,5,4,4,4,4
1,33,2,5,1832,0,3,3,4,5,4,4,5,4,4,3,2,3,3,3,4,4,3,3,3,3,4,4,3,3,3,3,5,3,3,3,3,2,4,3,2,3,2,2
1,31,4,7,9,0,1,2,3,2,1,3,3,1,4,4,4,4,5,1,2,2,3,3,3,2,3,2,2,3,3,2,4,3,3,3,2,3,3,3,1,4,5,4
1,48,2,8,85,0,2,2,3,4,2,3,3,4,5,4,4,4,2,2,3,2,4,4,3,3,2,3,2,2,2,1,3,2,2,1,1,3,2,4,3,4,4,4
1,25,3,15,824,0,4,4,4,3,2,3,4,3,1,2,2,1,2,2,1,1,2,3,1,4,4,4,4,3,3,3,4,2,2,1,2,2,4,3,1,2,1,2
1,42,3,19,192,0,3,3,4,4,1,1,4,1,3,3,2,3,2,1,1,2,4,3,3,2,3,3,2,4,4,3,4,2,3,3,4,2,4,3,3,4,3,3
1,62,3,7,115,0,4,3,3,4,4,5,4,4,3,5,3,3,4,3,2,5,2,4,3,5,4,4,3,3,3,2,3,3,2,3,3,3,3,2,1,1,2,1
1,42,3,13,123,0,3,3,2,2,1,1,2,2,2,2,3,2,3,1,3,2,2,2,2,2,3,4,3,1,1,1,3,1,1,3,3,3,3,4,2,3,3,3
0,40,3,20,221,1,5,5,5,4,4,4,5,4,5,4,3,5,4,4,5,4,5,5,5,4,3,5,2,1,3,2,2,1,2,2,2,3,3,4,3,4,4,3
1,30,4,3,142,0,4,4,5,3,2,3,5,2,3,2,4,4,2,4,4,4,5,5,5,2,4,2,3,3,2,3,4,2,1,1,1,3,1,4,3,2,2,3
1,40,3,5,110,1,4,2,1,3,4,4,5,4,5,4,2,3,4,4,3,5,4,5,5,3,3,3,2,2,1,1,1,1,1,1,1,1,2,5,4,5,5,5
0,46,2,24,518,1,1,1,3,2,2,1,3,1,3,2,2,2,2,1,3,4,3,2,1,5,4,4,3,4,2,3,2,4,4,3,3,5,3,3,2,1,1,4
1,31,1,4,299,0,1,2,3,3,3,4,4,2,3,5,3,3,1,3,3,3,2,4,4,2,2,3,3,3,3,2,4,2,3,2,2,4,1,4,4,4,4,3
1,48,4,9,756,1,2,2,2,1,3,4,4,3,3,2,2,2,2,1,1,1,1,2,2,2,2,2,2,2,2,2,2,2,5,5,4,4,5,2,1,2,3,1
1,40,1,4,144,0,3,3,3,2,1,1,2,2,4,4,2,4,3,5,5,4,3,5,5,1,1,2,3,2,2,1,1,1,1,1,1,1,1,5,4,3,4,4
0,40,3,4,296,0,4,3,3,2,2,3,5,4,3,3,3,3,4,4,3,4,4,5,3,5,4,5,5,2,2,2,3,1,1,1,1,1,3,3,3,2,3,4
1,36,2,3,439,1,2,2,3,3,4,4,5,3,5,2,3,3,4,2,5,4,4,4,3,3,4,4,2,2,3,1,3,3,2,2,3,2,2,5,2,3,2,2
0,35,3,2,43,0,1,1,1,2,4,4,4,4,4,3,5,3,4,2,3,4,4,5,5,3,3,3,1,3,3,2,1,2,3,3,3,2,3,3,3,2,3,2
1,39,3,6,537,0,2,3,3,3,1,1,2,1,4,4,4,2,4,1,1,2,1,1,1,2,2,2,3,2,2,2,1,3,5,4,4,4,5,4,2,2,2,3
1,26,3,8,144,0,4,3,3,4,4,4,4,5,5,3,2,4,4,3,3,2,4,4,4,4,2,4,2,3,2,2,4,1,3,2,3,1,3,3,2,2,3,3
1,43,3,2,348,1,2,1,3,2,2,2,2,2,3,4,3,5,5,2,3,1,3,3,1,3,3,3,3,2,1,3,1,1,4,3,2,5,5,3,1,2,2,3
1,36,3,6,592,1,4,3,5,4,2,1,4,4,3,4,2,3,3,1,1,1,2,2,2,4,3,4,2,3,3,2,5,2,4,3,2,3,3,2,2,1,3,3
1,39,3,5,78,0,3,3,3,3,4,5,5,4,4,5,2,3,5,1,1,1,1,2,2,2,2,4,3,1,2,2,4,3,3,3,4,5,4,4,2,4,4,3
1,33,3,4,166,1,2,1,1,1,3,3,2,2,2,3,2,1,3,1,1,2,2,3,3,5,4,4,5,4,3,3,4,3,4,3,4,4,4,1,1,1,1,1
1,37,2,11,338,1,4,2,3,2,3,4,5,3,2,1,1,1,1,3,3,4,2,3,3,3,3,2,2,3,1,1,2,2,3,2,2,2,2,3,2,1,3,2
1,38,3,18,35,1,5,5,4,4,4,3,3,3,2,3,2,3,1,3,3,4,3,5,5,5,3,4,4,3,3,2,4,4,2,1,2,2,3,4,3,5,2,4
0,33,2,9,302,1,2,2,2,2,1,1,2,2,5,4,3,3,4,2,2,3,2,4,2,4,3,5,4,2,2,1,1,2,4,5,4,5,5,5,3,4,4,2
0,33,2,22,185,1,3,2,2,2,3,5,5,5,5,2,3,3,4,3,3,2,3,4,3,3,3,3,3,1,2,1,3,1,3,3,3,5,3,5,3,3,3,3
0,42,2,8,147,0,2,1,3,2,3,3,4,5,5,4,3,4,2,3,5,3,4,2,4,4,4,4,5,5,5,5,5,2,4,3,3,4,3,2,2,1,2,4
1,45,2,13,312,0,4,3,4,4,3,4,4,3,5,5,4,3,3,5,5,5,5,4,5,3,4,2,3,2,1,1,2,1,2,2,1,2,1,5,2,3,4,3
0,44,1,7,65,1,4,4,4,4,5,5,5,5,3,3,3,2,2,4,4,4,3,5,4,3,2,2,2,4,3,2,3,3,4,3,3,5,4,4,2,3,3,3
1,21,2,6,591,0,3,3,4,4,4,3,2,2,4,4,5,5,5,3,4,3,3,4,4,2,3,1,3,1,1,1,1,1,4,2,3,2,4,4,2,3,3,2
1,54,3,11,138,1,3,4,4,4,4,5,5,4,4,4,3,4,5,5,3,3,4,4,5,5,3,5,4,4,2,3,3,4,3,2,3,5,2,4,2,4,4,2
0,36,3,8,1600,0,3,2,2,1,2,2,3,3,2,3,3,3,2,3,3,3,3,3,3,2,3,4,2,2,1,1,1,1,2,2,1,2,4,1,1,2,1,3
1,27,3,16,236,1,1,1,3,1,4,5,4,3,5,3,4,4,5,3,4,3,3,3,3,2,1,2,2,1,2,1,2,3,3,2,1,3,3,4,3,2,3,3
1,41,3,12,391,1,3,3,3,1,3,5,5,5,4,5,3,4,2,3,3,4,3,5,5,2,1,2,3,2,3,4,4,2,2,3,2,3,1,3,2,2,1,2
0,28,2,10,208,1,1,2,4,2,2,4,3,3,3,4,3,2,5,3,2,2,3,4,3,4,4,4,4,4,3,4,5,3,3,3,3,4,3,2,2,4,3,1
0,40,2,14,503,1,3,4,4,3,3,5,4,4,4,4,4,2,3,4,3,4,4,5,5,5,5,5,5,4,3,5,4,4,2,3,4,4,5,3,1,2,4,3
0,55,2,8,252,1,3,3,3,3,2,2,5,2,3,3,4,2,3,2,3,3,3,4,2,1,1,1,1,2,1,1,1,1,2,2,1,2,4,3,2,2,3,2
0,63,3,4,174,0,1,1,2,2,3,2,3,3,4,5,2,4,3,3,2,3,3,4,3,2,1,2,2,2,1,1,3,1,3,3,2,3,3,4,3,4,3,3
1,50,3,13,181,1,3,3,4,3,3,3,4,5,4,4,3,5,3,3,4,5,4,5,3,2,4,3,3,3,2,3,2,3,3,3,3,3,2,5,3,4,5,4
1,49,1,16,94,0,2,1,3,3,4,3,5,3,2,3,2,3,2,2,1,3,4,4,2,2,3,2,2,4,3,2,3,3,3,3,3,4,3,4,3,4,4,4
1,46,1,11,249,1,3,2,4,2,4,4,5,4,4,3,5,4,3,4,5,3,4,4,5,4,4,3,3,3,3,3,3,3,2,1,1,4,3,5,4,4,5,4
1,38,3,25,318,1,3,2,4,3,2,2,3,1,1,2,1,2,2,2,3,3,2,2,4,3,2,3,3,4,4,5,5,5,3,3,3,3,3,2,1,2,1,3
0,48,4,18,729,0,2,2,2,1,3,2,3,2,3,3,3,2,2,2,4,3,3,4,2,3,2,2,1,2,2,3,1,2,3,4,3,5,4,4,2,2,2,3
1,41,3,6,220,0,4,4,4,2,5,5,5,4,4,5,4,5,3,5,5,4,3,4,4,3,4,2,3,4,3,4,4,3,4,3,3,5,4,5,4,4,4,5
0,46,2,1,130,0,4,3,5,4,4,4,3,2,2,4,3,3,3,4,4,5,3,4,2,5,4,5,4,4,4,2,5,3,2,2,3,4,2,2,1,1,1,2
1,38,2,1,194,1,1,1,2,1,3,3,3,3,2,2,1,3,4,1,3,3,3,2,3,3,3,1,2,2,2,3,3,3,1,3,1,3,3,3,2,1,1,1
1,30,2,12,109,0,2,2,2,2,3,3,3,3,3,4,3,4,2,1,3,3,3,3,2,4,2,4,4,4,4,4,5,2,4,3,2,4,5,2,2,1,3,3
1,50,3,13,44,0,4,2,3,2,1,3,4,2,3,3,3,2,2,1,1,1,2,2,2,4,3,4,2,2,3,2,3,1,4,4,3,3,4,2,2,2,2,2
1,50,1,4,244,1,2,1,3,1,3,4,4,3,4,5,5,4,4,5,5,5,3,4,3,3,3,3,2,2,3,3,3,1,3,2,1,4,3,5,5,4,4,5
0,32,2,6,467,1,4,3,3,4,4,2,3,4,3,3,3,2,2,5,4,4,3,3,4,2,1,4,3,3,1,2,2,2,1,1,1,2,2,4,3,4,2,3
1,51,2,19,93,1,2,2,1,1,1,2,2,1,5,4,4,5,4,1,3,3,1,3,3,2,3,2,1,2,2,1,4,1,2,2,2,3,4,5,1,3,3,2
1,44,3,15,28,1,2,3,4,4,4,5,4,3,2,4,3,5,2,3,4,4,3,5,4,4,5,5,4,4,3,3,3,4,2,4,3,4,4,5,3,4,4,4
1,43,2,9,41,1,4,3,3,4,3,2,5,5,3,3,1,3,2,4,4,3,3,5,3,3,3,3,4,4,3,3,3,2,3,3,1,1,2,5,4,3,4,3
1,38,3,12,643,1,4,5,4,4,5,5,5,5,5,5,5,4,3,3,3,2,4,4,1,2,2,3,1,3,2,2,3,1,3,2,2,3,2,3,2,1,3,2
1,30,2,8,341,1,2,2,5,3,3,2,3,4,2,4,2,3,2,3,3,3,3,4,3,4,3,4,3,3,2,4,3,4,4,4,3,5,3,5,5,5,3,4
1,41,3,2,215,0,3,3,3,4,3,3,3,4,5,5,4,5,4,2,1,3,1,3,2,5,3,4,5,4,2,3,3,4,3,3,3,3,3,5,3,5,3,3
1,41,3,11,62,1,3,4,4,2,3,5,3,3,4,3,4,3,3,2,3,4,2,5,4,4,3,4,3,3,3,2,3,4,2,2,1,3,3,4,1,2,2,1
1,41,3,4,468,0,1,2,1,3,3,3,1,2,3,4,2,4,2,2,4,3,3,3,2,4,4,1,4,3,3,4,3,4,4,3,3,4,4,2,2,3,2,3
1,41,1,12,318,0,3,3,3,3,1,3,2,4,4,4,2,4,2,2,1,2,3,4,2,2,2,3,3,3,2,2,1,3,3,4,3,5,4,3,2,2,4,4
1,44,3,7,325,1,2,2,2,1,2,4,3,4,2,2,1,2,1,2,2,4,4,4,2,5,5,5,4,4,4,3,4,4,3,3,4,5,4,5,3,3,3,2
1,55,4,8,204,0,3,2,1,2,2,2,4,2,3,5,2,2,3,3,2,4,1,2,3,3,2,2,2,5,3,5,3,2,3,4,3,5,3,5,4,4,2,4
1,52,2,14,593,0,3,3,4,2,4,4,5,4,4,4,3,4,4,2,3,1,3,2,4,3,4,3,3,4,3,3,3,1,3,3,4,4,3,3,3,3,5,4
1,31,2,6,242,0,3,4,3,2,2,3,1,3,4,5,4,3,3,3,3,4,2,2,3,2,3,2,2,2,3,2,3,2,3,4,3,3,3,4,2,2,1,1
1,41,4,6,68,0,5,4,5,5,3,2,3,3,4,4,1,3,3,4,3,4,4,5,4,3,3,4,1,4,4,3,4,4,2,2,2,3,3,3,3,3,2,3
1,33,3,12,223,0,2,1,2,1,4,3,3,1,3,3,3,2,3,3,4,3,3,4,3,4,3,5,5,4,2,2,4,2,3,3,2,3,3,5,5,4,4,4
1,45,2,15,1643,1,3,2,2,4,3,4,4,5,4,5,5,3,3,5,5,3,5,5,4,4,5,3,4,2,2,2,2,1,2,1,1,2,1,4,4,4,3,3
1,40,1,14,190,1,3,3,4,4,3,3,3,3,5,5,3,4,4,3,2,4,3,5,3,4,4,2,2,2,3,3,5,2,3,3,2,5,3,4,2,2,3,5
0,52,3,4,316,0,4,3,5,5,3,3,4,3,1,3,2,2,1,2,4,3,2,2,4,2,2,2,2,3,2,2,4,1,3,3,3,3,3,2,1,2,1,1
1,40,2,6,88,1,3,2,4,4,2,3,3,4,4,4,3,2,3,2,3,2,2,2,2,1,2,2,2,1,2,2,4,1,4,2,3,3,4,3,2,4,4,3
1,42,2,12,612,1,3,2,3,3,4,5,5,3,1,2,1,1,2,2,4,3,4,4,3,3,2,4,4,2,3,3,5,2,4,3,4,2,3,2,1,1,1,2
0,31,3,16,254,1,3,3,4,4,2,2,4,3,3,3,4,3,2,3,4,3,4,4,3,3,5,1,3,4,4,4,4,1,2,5,4,3,2,4,3,4,4,3
0,20,3,11,127,0,3,3,2,1,2,2,2,3,2,3,3,3,2,2,2,1,3,2,2,2,2,3,2,3,4,3,3,3,4,3,4,4,4,3,2,2,4,3
1,38,3,9,394,1,1,2,2,2,3,4,5,3,3,3,4,3,2,3,3,4,4,4,5,3,3,3,1,3,2,2,2,1,1,2,1,1,1,4,3,2,3,4
0,29,2,14,412,0,2,1,3,2,1,2,2,2,3,3,4,3,3,2,1,1,2,2,2,3,3,3,3,4,5,3,5,4,2,2,2,1,2,4,3,2,2,1
1,29,2,9,502,0,3,4,4,3,3,4,3,3,3,2,4,3,1,2,2,2,3,3,2,5,5,4,5,4,4,4,4,4,5,4,4,3,4,3,3,2,1,2
1,52,2,1,240,1,3,3,4,4,2,4,3,3,2,3,2,3,5,4,3,4,2,4,2,3,3,3,3,4,4,2,5,2,4,5,3,5,3,3,3,3,1,3
1,46,2,10,73,1,3,1,3,4,4,4,4,4,4,4,3,4,4,3,4,3,5,4,3,2,3,2,1,1,1,1,3,1,1,2,1,1,1,5,3,4,5,4
1,42,2,11,130,0,2,3,4,3,3,4,2,3,4,3,3,4,3,2,4,3,3,3,3,5,5,2,5,4,4,5,3,3,3,4,3,4,4,3,2,4,2,4
1,36,2,9,388,1,4,2,3,2,4,4,5,3,5,4,3,3,3,3,5,3,4,4,4,4,2,1,1,1,2,2,4,1,2,3,2,3,3,3,2,2,4,3
0,50,3,16,122,1,1,1,2,2,3,3,3,4,4,3,4,3,2,3,4,3,3,5,4,5,4,3,5,2,3,1,3,1,3,3,3,2,3,5,3,2,3,3
0,36,3,13,254,1,3,3,2,3,4,3,3,4,4,3,4,3,2,1,3,3,3,4,5,4,3,4,3,4,3,3,4,3,3,3,3,3,3,3,3,2,4,4
0,47,1,6,174,0,3,2,3,3,2,4,3,1,4,4,3,3,2,2,3,2,3,2,4,2,2,3,2,3,5,2,2,2,2,2,3,4,4,4,3,3,4,2
0,38,2,7,39,1,3,3,3,2,4,4,4,3,3,4,3,2,3,3,4,4,4,5,4,3,1,2,1,2,2,1,1,1,2,1,2,2,1,4,2,3,3,2
0,33,1,7,270,0,1,1,3,2,2,2,3,3,3,4,3,2,3,1,3,1,2,4,2,3,2,3,2,1,1,1,3,2,3,3,2,3,3,2,1,3,1,2
0,45,1,10,200,0,2,2,3,2,2,2,3,2,3,2,4,3,3,1,1,1,1,1,3,4,3,3,4,3,3,3,4,2,2,3,1,2,3,2,1,3,2,3
1,42,1,7,203,1,3,2,3,4,4,5,5,5,5,4,4,3,4,4,5,4,5,5,5,2,3,2,2,3,1,1,3,1,2,1,1,1,1,4,4,3,3,4
0,40,2,5,574,1,5,3,5,4,3,3,3,4,3,4,2,2,3,3,4,3,3,5,5,3,2,3,2,2,3,3,3,3,3,2,1,2,2,3,1,3,1,1
1,42,2,7,55,0,3,2,4,2,3,4,5,5,5,5,4,5,5,3,3,3,4,4,3,3,3,2,3,4,2,3,3,1,3,2,2,3,3,2,1,1,1,1
